Workbook

Sheet Sheet1
A1: grmc_comm_no | B1: Community Code | C1: Sector | D1: Community | E1: Total population | F1: Area km2 | G1: Population Density (person/km2) | H1: geom
A2: 1 | B2: 614 | C2: Sector 6 | D2: RAS AL KHOR IND. THIRD | E2: 28657 | F2: 5.448028 | G2: =E2/F2 -> 5260.0684 | H2: =VLOOKUP(A2,ref!$A$2:$C$220,2,0) -> POLYGON Z ((55.380157086628 25.1831863435418 0,55.3811986763899 25.182987410677 0,55.3822303457505 25.182797501013 0,55.3832719188949 25.1825985535579 0,55.384303591663 25.1824086294362 0,55.3852856484874 25.1822187155483 0,55.3862677061554 25.1820378223977 0,55.3872497609114 25.18185692273 0,55.3882318087066 25.1816669802636 0,55.3892138575695 25.1814860765897 0,55.3901959035155 25.1813051573721 0,55.391177942287 25.1811152043832 0,55.3921599922545 25.180934272129 0,55.3931420194674 25.1807533333667 0,55.3941240492084 25.1805633608296 0,55.395106080441 25.1803824090317 0,55.396088108759 25.1802014507184 0,55.3970701341621 25.1800204858897 0,55.3968415443173 25.1792081309619 0,55.3966823572741 25.1783145005621 0,55.3965231725674 25.1774208698787 0,55.3963639901969 25.1765272389116 0,55.3962048101626 25.1756336076609 0,55.3960456278455 25.1747309488649 0,55.3959760497591 25.1744601604083 0,55.3958368853062 25.1739005288396 0,55.3956977221297 25.1733408970953 0,55.3955387305558 25.1727812735102 0,55.3953797251688 25.1722306769825 0,55.3952108114275 25.1716800843832 0,55.3950319750023 25.1711204684158 0,55.3948432296566 25.1705789108433 0,55.3946544814681 25.1700283257196 0,55.3940386186149 25.1683133980958 0,55.3936214474798 25.1671851594969 0,55.3932936765056 25.1663006197724 0,55.3929758338649 25.165425102486 0,55.392648076644 25.1645495883795 0,55.3923104050548 25.1636740773869 0,55.3919826572887 25.1627985615832 0,55.3916549142142 25.161923044942 0,55.3911087102782 25.1605150032664 0,55.3901468496046 25.1610840941727 0,55.3891948988948 25.1616531750608 0,55.3882330203998 25.1622222534782 0,55.3879355123687 25.1623577636592 0,55.3874594901917 25.1625565476172 0,55.3869834664652 25.1627553210148 0,55.3865074372791 25.1629450656015 0,55.3860214837213 25.1631257849076 0,55.385535524886 25.1632974753392 0,55.3850495646874 25.163469164174 0,55.3840082066889 25.1638125608338 0,55.3829767619475 25.164155946837 0,55.3819353922893 25.1644993289038 0,55.3808940167877 25.1648427036389 0,55.3802890208071 25.1650324695731 0,55.379674100351 25.165213208862 0,55.3790591747121 25.1653849183193 0,55.3784442473471 25.165556625221 0,55.3780078512736 25.1656650848663 0,55.3774226556538 25.1658277512704 0,55.3767382989255 25.1659994627136 0,55.3760539335078 25.1661802163245 0,55.3753695598755 25.1663429031927 0,55.3746752620866 25.1664965623914 0,55.3739908818569 25.1666502156092 0,55.3732965776489 25.1667948410655 0,55.3726022689074 25.1669304359901 0,55.3718980364486 25.1670570029675 0,55.3712037218788 25.1671835640575 0,55.3700630482906 25.1673553696804 0,55.3689124521187 25.1675271688982 0,55.3677717721005 25.167698956866 0,55.3666211694716 25.1678707382748 0,55.3658574137082 25.1680153444327 0,55.3661155550461 25.1688999603479 0,55.3663737001163 25.1697845757035 0,55.3666318612907 25.1706782177679 0,55.3668900039258 25.1715628320052 0,55.3671481627038 25.1724564729491 0,55.3674063227442 25.1733410860635 0,55.3676644890465 25.1742347258843 0,55.3679226565735 25.1751193378778 0,55.3681907504635 25.1760129742394 0,55.3684489255497 25.1768975850943 0,55.3687071069761 25.1777912226509 0,55.368965289551 25.1786758323845 0,55.3692234758611 25.1795604415578 0,55.3694816685696 25.1804540774293 0,55.3697398524495 25.1813386854833 0,55.3699980626048 25.1822323112011 0,55.3702562638992 25.183116927158 0,55.3710701815385 25.1844978918442 0,55.3708421342093 25.18492223076 0,55.371873836023 25.1847323933093 0,55.3729154553819 25.1845425460106 0,55.373947147773 25.1843436668487 0,55.3749887605933 25.1841538049534 0,55.3760204463242 25.183954911334 0,55.3770521319157 25.1837650377742 0,55.3780937316738 25.1835661267667 0,55.3791254107557 25.1833762387508 0,55.380157086628 25.1831863435418 0))
A3: 2 | B3: 975 | C3: Sector 9 | D3: AL O'SHOOSH | E3: 3 | F3: 58.948906 | G3: =E3/F3 -> 0.05089153 | H3: =VLOOKUP(A3,ref!$A$2:$C$220,2,0) -> POLYGON Z ((55.4011538721935 24.7222664107786 0,55.4011963886216 24.6972820049993 0,55.3544696063453 24.6484390356853 0,55.3583104879215 24.6265492781151 0,55.3583105372543 24.6265490343528 0,55.334563552928 24.6230788337961 0,55.3238503938412 24.6260035811611 0,55.3238503963102 24.6260035822898 0,55.3238502678699 24.6260042413207 0,55.3238502654009 24.626004240192 0,55.3076765977224 24.7058414966691 0,55.3355662808459 24.7058436733758 0,55.4011538721935 24.7222664107786 0))
A4: 3 | B4: 988 | C4: Sector 9 | D4: AL LAYAN 2 | E4: 0 | F4: 36.997665 | G4: =E4/F4 -> 0 | H4: =VLOOKUP(A4,ref!$A$2:$C$220,2,0) -> POLYGON Z ((55.2028350521651 24.7328676863636 0,55.1490335234094 24.7180174018429 0,55.1427562974278 24.724944485077 0,55.1102821790244 24.7640676997626 0,55.1358615706748 24.7745118824641 0,55.1614693498445 24.784949739853 0,55.2028350521651 24.7328676863636 0))
A5: 4 | B5: 241 | C5: Sector 2 | D5: AL NAHDA SECOND | E5: 71100 | F5: 2.2115706 | G5: =E5/F5 -> 32149.098 | H5: =VLOOKUP(A5,ref!$A$2:$C$220,2,0) -> POLYGON Z ((55.38842208342 25.2957254203803 0,55.3878259132795 25.2948680656832 0,55.3872297555226 25.2940197355806 0,55.3866336060695 25.2931714029573 0,55.3860374649198 25.2923230678138 0,55.3854413420022 25.2914747301466 0,55.3848452037144 25.2906173628447 0,55.3843087010264 25.2898592707984 0,55.3837722050148 25.2891011767127 0,55.3832357119849 25.2883340534627 0,55.3827091584817 25.2875759519752 0,55.3821726788634 25.2868088337078 0,55.3816362095679 25.2860507224737 0,55.3811096723457 25.2852835878845 0,55.3805732163807 25.2845254816362 0,55.3800367670896 25.2837673733499 0,55.3795102498002 25.2830002327869 0,55.3789638783967 25.282224069265 0,55.3784175106149 25.2814388764945 0,55.3775737581493 25.2819356242972 0,55.3767200668968 25.2824233430376 0,55.375876300696 25.2829200720589 0,55.3750225957597 25.2834077899583 0,55.37417881583 25.2839045182511 0,55.3733250972034 25.2843922172541 0,55.3724813035413 25.2848889357901 0,55.3716275712275 25.2853766249224 0,55.3707837638328 25.2858733337001 0,55.3699300178315 25.2863610129605 0,55.3690861967041 25.2868577119787 0,55.367855177209 25.2875079584384 0,55.3666340737436 25.2881581923419 0,55.3672399662489 25.2889253601532 0,55.3678557956722 25.2896925230651 0,55.3684617060946 25.2904687128073 0,55.3690676215888 25.2912358728477 0,55.3698820854229 25.2920751957725 0,55.3706965533095 25.2929235412159 0,55.3715110495651 25.2937628549268 0,55.3724247919098 25.2944396496127 0,55.3733286146649 25.2951164412568 0,55.3742423772375 25.2957932155075 0,55.3751561499596 25.2964700020769 0,55.3763479157953 25.296993232099 0,55.3775297619231 25.2975164554168 0,55.3779071486773 25.2976517485807 0,55.3783639924619 25.2978050707681 0,55.379218039847 25.2980214583033 0,55.3800919324543 25.2981656176769 0,55.3801217258591 25.298174635343 0,55.3811445421799 25.2982465242407 0,55.3812934955264 25.2982555029939 0,55.3822467634051 25.298228108588 0,55.3825943019219 25.2982009115773 0,55.3834680735307 25.298038129093 0,55.3843318826254 25.2978031279597 0,55.3851658579501 25.2974959153319 0,55.3859700358362 25.2971345459262 0,55.3867344479186 25.2967009696009 0,55.3867443738228 25.296691938891 0,55.3875782650317 25.2962041703 0,55.38842208342 25.2957254203803 0))
A6: 5 | B6: 978 | C6: Sector 9 | D6: SAIH SHUA'ALAH | E6: 0 | F6: 69.543181 | G6: =E6/F6 -> 0 | H6: =VLOOKUP(A6,ref!$A$2:$C$220,2,0) -> POLYGON Z ((55.4012056868235 24.6918175490864 0,55.4632910862367 24.6917767186409 0,55.4966018107694 24.64667774301 0,55.4966020276933 24.6466774448543 0,55.4867450113768 24.6452471030772 0,55.4096041193467 24.6340312379803 0,55.3583105372543 24.6265490343528 0,55.3583104879215 24.6265492781151 0,55.3544696063453 24.6484390356853 0,55.4011963886216 24.6972820049993 0,55.4012056868235 24.6918175490864 0))
A7: 6 | B7: 214 | C7: Sector 2 | D7: AL GARHOUD | E7: 22216 | F7: 4.0428636 | G7: =E7/F7 -> 5495.1149 | H7: =VLOOKUP(A7,ref!$A$2:$C$220,2,0) -> POLYGON Z ((55.3690331597278 25.2413157174406 0,55.3682290408437 25.2407381697137 0,55.367424929558 25.2401606175566 0,55.3666208258707 25.2395830609697 0,55.3658167297815 25.2390054999534 0,55.3650126412926 25.2384279435352 0,55.3641986353209 25.2378503667076 0,55.3632258034609 25.2371374187371 0,55.3622430579874 25.2364244662243 0,55.3612603260383 25.2357205342878 0,55.3603173087757 25.2350346428789 0,55.3593643773017 25.2343487471279 0,55.3584213812557 25.2336628434744 0,55.3575975188368 25.2331123311793 0,55.3567736621035 25.2325527780212 0,55.3559498129102 25.231993220222 0,55.3550267048754 25.2313163097901 0,55.3541135330882 25.2306484283534 0,55.3532003698093 25.2299715140077 0,55.352605018839 25.2307027959745 0,55.3519997348139 25.2314250495309 0,55.3514043695866 25.2321563265249 0,55.3508089959476 25.2328785738557 0,55.3502136152749 25.2336008187209 0,55.3498762232559 25.2339619446787 0,55.3491914978785 25.2346029505542 0,55.3486754563063 25.2349911743699 0,55.3481296390123 25.235397453735 0,55.3475739020519 25.2357947048266 0,55.345896679735 25.2367427121247 0,55.3452019639424 25.2370858028328 0,55.3446759657896 25.2373837414498 0,55.3439713327859 25.2378983346913 0,55.3429094163033 25.2387559993746 0,55.341996354903 25.2394962852028 0,55.3410733577416 25.2402455930244 0,55.3401602740896 25.2409858673612 0,55.3397533843292 25.2419156857436 0,55.3393564134161 25.2428364753009 0,55.3389495109645 25.2437572640555 0,55.3385426027663 25.2446870787574 0,55.3381456137286 25.2456078647186 0,55.3377386932515 25.2465376769749 0,55.337331766286 25.2474584608154 0,55.3370836420117 25.2481806415688 0,55.33670649682 25.249615971766 0,55.3364980882476 25.2510874058989 0,55.336468347556 25.2525588357602 0,55.3365974274535 25.2539941532154 0,55.3368059108804 25.2550232458272 0,55.3370243243781 25.2560523377531 0,55.3374412336631 25.2558717833817 0,55.3382948971574 25.2554023444047 0,55.339138627194 25.2549238736851 0,55.3399922775365 25.2544544248378 0,55.3408459213156 25.2539849710273 0,55.3416896321815 25.253515512816 0,55.342543262872 25.2530460491376 0,55.3433968869992 25.252576580497 0,55.3442504946369 25.2521071068952 0,55.3450941893666 25.2516376291213 0,55.3459477938421 25.2511681456534 0,55.3471090801192 25.2505090581808 0,55.348260428913 25.2498589897025 0,55.3492430363886 25.249308229406 0,55.3502355622133 25.2487664885766 0,55.3512181519912 25.2482157150674 0,55.3522007329079 25.2476649440125 0,55.3531833064259 25.2471231755091 0,55.3541162515122 25.2466355795272 0,55.3550591148992 25.2461479761657 0,55.3559920450462 25.2456603682814 0,55.3569249677414 25.2451727454507 0,55.3581358336578 25.2448475776096 0,55.3593466950408 25.2445314179873 0,55.3605476225448 25.2442062230782 0,55.3616393728783 25.2439261752673 0,55.3627211948239 25.2436551485383 0,55.3638129352359 25.2433750846511 0,55.3648947451331 25.2430950148104 0,55.3661452177564 25.2425711657222 0,55.3671376512844 25.2421647186853 0,55.3681201553807 25.2417672944871 0,55.3690331597278 25.2413157174406 0))
A8: 7 | B8: 363 | C8: Sector 3 | D8: AL MANARA | E8: 9838 | F8: 2.1945596 | G8: =E8/F8 -> 4482.9039 | H8: =VLOOKUP(A8,ref!$A$2:$C$220,2,0) -> POLYGON Z ((55.2143813263652 25.1339472953113 0,55.2142427034915 25.1337305286613 0,55.2134290202643 25.1342624834638 0,55.2126153388717 25.1347854064381 0,55.2118016416243 25.1353173521767 0,55.2109879373366 25.1358492933825 0,55.2101742260086 25.1363812300551 0,55.2093605076401 25.1369131621942 0,55.2085368653089 25.1374450814474 0,55.2077231328165 25.137977004464 0,55.2069093932833 25.1385089229461 0,55.2060956467092 25.1390408368934 0,55.2052819030111 25.1395727463142 0,55.2044681336763 25.1401046523119 0,55.2046266457126 25.1402582529783 0,55.2052109754652 25.1410080248651 0,55.2058052296143 25.1417578029366 0,55.2063895736819 25.1425075700797 0,55.206973924868 25.1432573438972 0,55.2075682006525 25.1440071057269 0,55.2081525569581 25.1447658930542 0,55.2087369296421 25.1455156507452 0,55.2093312171725 25.1462654143764 0,55.2099156041757 25.1470151673208 0,55.2105000181533 25.1477649089001 0,55.2110943273073 25.1485146743398 0,55.211787689361 25.1494089461906 0,55.2124810703966 25.1502941874486 0,55.2131843794561 25.1511794334378 0,55.2138777816742 25.1520736953034 0,55.2145216520125 25.1528866685844 0,55.2151556423889 25.1536996311181 0,55.2157995495411 25.154512598743 0,55.2159382330351 25.1546932543329 0,55.2167818304187 25.1541252019924 0,55.2176254114863 25.1535661720497 0,55.2184689848762 25.1530071372325 0,55.2193125589774 25.1524390702646 0,55.2201561169498 25.1518800256986 0,55.2209996672448 25.1513209762591 0,55.2218432098626 25.1507619219466 0,55.2226867529432 25.1501938354811 0,55.2239867695689 25.1493372086328 0,55.2234816845528 25.1485243789776 0,55.2229765980948 25.147720574817 0,55.2224715182388 25.1469167688695 0,55.2219664531755 25.1461039338501 0,55.2214613865589 25.1453001243285 0,55.2209563364604 25.144496313028 0,55.2204611988595 25.1436834801952 0,55.2199561520155 25.1428796653477 0,55.2194511018537 25.1420758487069 0,55.2189460865374 25.1412630030056 0,55.2184410595278 25.1404591828005 0,55.217936039125 25.1396553517829 0,55.2173220999478 25.1386799331028 0,55.2167180960408 25.1376954742423 0,55.2161041762945 25.1367200503275 0,55.2155595798969 25.1358529974857 0,55.2150149998707 25.1349769152725 0,55.2144704188585 25.13410985828 0,55.2143813263652 25.1339472953113 0))
A9: 8 | B9: 213 | C9: Sector 2 | D9: NADD SHAMMA | E9: 3648 | F9: 1.0929607 | G9: =E9/F9 -> 3337.7228 | H9: =VLOOKUP(A9,ref!$A$2:$C$220,2,0) -> POLYGON Z ((55.3856386228249 25.2189142948569 0,55.3865613506408 25.2185438498291 0,55.387484068863 25.218164371822 0,55.3883968619704 25.2177939189527 0,55.3893195729549 25.2174234566802 0,55.3902621209096 25.2170439537868 0,55.3911451527503 25.2167276586507 0,55.39255405107 25.2162757403118 0,55.3932287440869 25.2160858970158 0,55.3943102359015 25.215787556844 0,55.3943697710801 25.2157784960351 0,55.3944293062589 25.2157694532566 0,55.3944987692163 25.2157694245338 0,55.3945583088941 25.2157693998883 0,55.3946476274587 25.2157874172991 0,55.3946475867418 25.2157061723905 0,55.3946475505491 25.2156339546933 0,55.3946276452182 25.2155166091635 0,55.3945779340258 25.2153270582643 0,55.3945680017458 25.2153090079496 0,55.3945679927095 25.2152909535243 0,55.394329606326 25.2148126096852 0,55.3939819353001 25.2141086299025 0,55.3932568073958 25.2126013803443 0,55.3920561649302 25.2126921342644 0,55.3908555164188 25.2127738512202 0,55.3895060164762 25.2128465878372 0,55.3881664379534 25.2129193084589 0,55.3870451610723 25.2129829015546 0,55.3859238830166 25.2130465042024 0,55.3848025999778 25.2131010621039 0,55.3836813196375 25.2131646387196 0,55.3825600381162 25.2132282068329 0,55.3824905802178 25.2132372661882 0,55.3824012797679 25.2132553412614 0,55.3823119756779 25.2132643890636 0,55.3822226751889 25.2132824820832 0,55.3821234515882 25.2133005692967 0,55.3820341546341 25.2133276803922 0,55.3819448540539 25.2133457642169 0,55.3818654765338 25.2133638447306 0,55.381776179476 25.2133909556702 0,55.3816868823787 25.2134180665559 0,55.3815975852416 25.2134451773876 0,55.3815082880649 25.2134722881653 0,55.3814289139462 25.2134993956613 0,55.3813396202342 25.2135355335538 0,55.3812503229342 25.2135626441756 0,55.3811709522289 25.2135987787497 0,55.3810915814767 25.2136349132811 0,55.3810022875659 25.2136710509695 0,55.3809229167169 25.2137071854101 0,55.3808435458209 25.2137433198081 0,55.3807542552562 25.2137884845629 0,55.3806748842541 25.2138246098428 0,55.380595516699 25.2138697803509 0,55.3805260722132 25.2139149386218 0,55.380446704541 25.2139601000224 0,55.3803673368102 25.2140052613802 0,55.3802879690207 25.2140504226952 0,55.3802185277746 25.2141045990099 0,55.3801391598691 25.2141497692717 0,55.3800697185041 25.2142039545432 0,55.3800002770776 25.2142581397817 0,55.3799209124256 25.2143123281145 0,55.3798514708716 25.2143665132826 0,55.3797820292561 25.2144206984176 0,55.3789487450914 25.2150979991129 0,55.3781055085698 25.2157752980739 0,55.3772721959711 25.2164525892239 0,55.3759825176623 25.2174730421117 0,55.3758342277466 25.2190889558685 0,55.3761026244663 25.2204068512283 0,55.3763710269913 25.2217247458582 0,55.3763513001093 25.222067785509 0,55.3767878989109 25.22193224968 0,55.377998494861 25.2216430181645 0,55.3792090816846 25.2213447495231 0,55.3795266070918 25.2212543785487 0,55.3809455208309 25.2207935496939 0,55.3818980444694 25.2204140879984 0,55.3828505621926 25.2200346291815 0,55.383803073997 25.2196551642163 0,55.3847258129778 25.2192847306656 0,55.3856386228249 25.2189142948569 0))
A10: 9 | B10: 319 | C10: Sector 3 | D10: OUD METHA | E10: 17294 | F10: 1.5159583 | G10: =E10/F10 -> 11407.965 | H10: =VLOOKUP(A10,ref!$A$2:$C$220,2,0) -> POLYGON Z ((55.3167279734416 25.2306218658268 0,55.3165693103259 25.229683028201 0,55.3164106496438 25.2287441812596 0,55.315378435022 25.2293127731025 0,55.314346210803 25.2298813576866 0,55.3133239014626 25.2304499363553 0,55.3122420401571 25.2309914178211 0,55.3111700938365 25.2315328928093 0,55.3102867225863 25.2319841175391 0,55.3094033448184 25.2324353369559 0,55.308519962365 25.2328775238638 0,55.3076365617022 25.2333287326524 0,55.3067531743711 25.2337799361305 0,55.3058697705957 25.2342311433197 0,55.3049863603066 25.2346823271399 0,55.3050754603843 25.2356482538398 0,55.3051744748333 25.2366232094416 0,55.3052635856484 25.2375981629683 0,55.3059978520047 25.2384378292587 0,55.3067222052196 25.2392684718651 0,55.3074564916282 25.2401081307328 0,55.3081907899841 25.2409387496505 0,55.3089151711198 25.2417783994043 0,55.3095800269737 25.2425277641171 0,55.3102448926864 25.2432680985847 0,55.3109097647978 25.2440174571733 0,55.3115647194247 25.2447668112365 0,55.3122296077833 25.2455161637434 0,55.3128945042949 25.2462655222138 0,55.3135494846053 25.2470058310583 0,55.3142143973189 25.247755174419 0,55.3146611613174 25.2471052837673 0,55.3147902258631 25.2469157202455 0,55.3149192913674 25.2467171384541 0,55.3150384306711 25.2465185553153 0,55.3151377167134 25.2463289968101 0,55.3152469308702 25.2461213850896 0,55.3153462189239 25.2459137720738 0,55.3154355809237 25.2457061668102 0,55.3155150182407 25.2454895150547 0,55.3155547381064 25.2453721664914 0,55.3156143184163 25.2451916300325 0,55.315693760293 25.244938878468 0,55.3157632775068 25.2446770984902 0,55.3158228701059 25.2444062901121 0,55.3158327970082 25.2443972641066 0,55.3160810914492 25.2433050042123 0,55.3163293814452 25.2422127437368 0,55.3165776669967 25.2411204826802 0,55.3166671181907 25.240217774142 0,55.3167565680592 25.2393150654386 0,55.3168757980478 25.2383672239439 0,55.3169950249759 25.2374284094207 0,55.3171241762318 25.2364805685788 0,55.3172434005915 25.2355327264209 0,55.3173626230979 25.2345848840443 0,55.3173725738404 25.2343862868484 0,55.3172139009073 25.2334474413609 0,55.3170453057639 25.2325085944912 0,55.3168866377728 25.2315697484162 0,55.3167279734416 25.2306218658268 0))
A11: 10 | B11: 134 | C11: Sector 1 | D11: AL MAMZAR | E11: 23173 | F11: 5.7997838 | G11: =E11/F11 -> 3995.4938 | H11: =VLOOKUP(A11,ref!$A$2:$C$220,2,0) -> POLYGON Z ((55.348144096398 25.3133506160481 0,55.3482796646508 25.3133375943184 0,55.3482120836904 25.3127562436255 0,55.3480730191034 25.3127695996462 0,55.3480692164653 25.3126649996509 0,55.3479996983134 25.3126650065831 0,55.3479718733376 25.3126002399161 0,55.3478342195381 25.3122833572152 0,55.3477962144545 25.311709345753 0,55.3477658131122 25.3112709476206 0,55.347781709802 25.3108276522373 0,55.3477089638375 25.3103118688439 0,55.3476529984193 25.309852123999 0,55.3475925206792 25.3094420466587 0,55.3475628680104 25.3088554774058 0,55.3475590442988 25.3084273854457 0,55.3476116969871 25.3080840434841 0,55.3476623161694 25.3077627819832 0,55.3477360088613 25.3073970145715 0,55.3479535458627 25.3067703315061 0,55.3481838891917 25.3062091023272 0,55.3483186392052 25.3059764691848 0,55.3484841134375 25.3057394546116 0,55.3487291839469 25.3053714933635 0,55.3489932779353 25.3049883099674 0,55.3493260696284 25.3044546638275 0,55.3495761243645 25.3039696460455 0,55.3497587662378 25.3036081803555 0,55.3499342404202 25.3031239645858 0,55.3501240454827 25.3025157956859 0,55.350167476337 25.302052320791 0,55.3502179592688 25.3015310354212 0,55.3503440422899 25.3009514712837 0,55.3504486119223 25.3006301210427 0,55.3506041366917 25.3001971986575 0,55.3507407980781 25.2999378877706 0,55.3509409235735 25.2996194054772 0,55.3511597952159 25.29936341535 0,55.351438344097 25.299097325261 0,55.3517204846052 25.2988849274712 0,55.3519594145438 25.2987109991387 0,55.3522876456629 25.2985451382345 0,55.3525536744323 25.2984426640962 0,55.3528500690474 25.2983424512678 0,55.3531773557644 25.2983056491795 0,55.3534747914445 25.2982610690704 0,55.3540737142463 25.298234157475 0,55.354520970558 25.2982895926112 0,55.3549087989035 25.2983600652439 0,55.3554400989818 25.2984995277203 0,55.3559230774483 25.2987816873014 0,55.3563242005882 25.2990420485621 0,55.3566496864508 25.2992940074279 0,55.3570369833753 25.2996727865998 0,55.3573765715678 25.3001682840711 0,55.3575614648468 25.3004875879469 0,55.3576646516623 25.3007980494817 0,55.3577301294947 25.3010862563148 0,55.3577369577171 25.3014145712556 0,55.3577603142799 25.3018635578716 0,55.3576919912619 25.3021979965628 0,55.3576284663501 25.3024932928653 0,55.3575358155099 25.3027392065909 0,55.3572694247201 25.3030472370159 0,55.3567224538132 25.3035356823921 0,55.3564020957784 25.3037313593414 0,55.3561647308198 25.3039554130217 0,55.3557515132586 25.3042175785239 0,55.3555141042301 25.3043749659542 0,55.3552023171315 25.304543494473 0,55.3547742252012 25.3047811688792 0,55.3542685794734 25.3051658685415 0,55.3538810985146 25.3054561355193 0,55.3533080001369 25.305911550566 0,55.3527554398248 25.3064654193014 0,55.3524377263786 25.3068335139645 0,55.3519785319481 25.3073568198734 0,55.3515953425664 25.3078061648841 0,55.3513098403357 25.3083271992808 0,55.351115969008 25.3087214725099 0,55.3506536957939 25.3094729706606 0,55.350150171901 25.3094929066307 0,55.3501435187128 25.3093527255152 0,55.3497246755132 25.3093691568646 0,55.3497419347157 25.3097326583012 0,55.3505747275344 25.309699677535 0,55.3504177120256 25.3102118664877 0,55.3502453183348 25.310626121985 0,55.3498810158451 25.3105990639656 0,55.3498010338009 25.31127650266 0,55.3496890190129 25.3119978345632 0,55.349681346734 25.3120311363835 0,55.3496830258082 25.312036471213 0,55.3496544686997 25.312220338333 0,55.3496247006687 25.3124099107032 0,55.350621622568 25.3113877038376 0,55.3520911887437 25.3098890254371 0,55.352825956829 25.3091306535349 0,55.3550302110271 25.3068825967406 0,55.3557649426917 25.3061242189337 0,55.3564996686401 25.3053838735539 0,55.357234383892 25.3046345063646 0,55.3579591596616 25.3038851461309 0,55.3586938488498 25.3031447896151 0,55.3594285470413 25.302395411285 0,55.3620115572487 25.2997497169043 0,55.3623473517296 25.2994069007336 0,55.3620095037742 25.2984500836102 0,55.3616815910594 25.297493272703 0,55.3610059215519 25.2955796520432 0,55.3608269637513 25.2945957294727 0,55.3602901137154 25.2916710410271 0,55.3601012400685 25.290696145984 0,55.3599222868459 25.2897122216545 0,55.3597433583325 25.2887373240978 0,55.3594949149411 25.2877443842795 0,55.3592464775211 25.2867604710355 0,55.3589980322884 25.2857675301097 0,55.3587595417399 25.2847836140467 0,55.3575677338471 25.283068659268 0,55.356971844223 25.2822202052452 0,55.3557206130109 25.2810378455331 0,55.3554426960018 25.2814982804367 0,55.3540826877878 25.2827532407858 0,55.3519383800746 25.2847033876554 0,55.351015119284 25.2855701058748 0,55.3502606062617 25.2862020935571 0,55.3494961551625 25.2868250512888 0,55.3487316973927 25.28745703214 0,55.3479672306158 25.2880799818512 0,55.3471729714648 25.2887300117327 0,55.3456042845811 25.2900120026028 0,55.3454454334135 25.2901925582552 0,55.3453064395856 25.290364084996 0,55.34456178595 25.2909870152169 0,55.3438270732355 25.29160090477 0,55.3430923439167 25.2922238357936 0,55.3423576064209 25.2928377269573 0,55.3416228621395 25.2934606415344 0,55.3407888182601 25.2941557744242 0,55.3399646945822 25.2948509020886 0,55.3391306317358 25.2955460254755 0,55.3383064892035 25.2962411437476 0,55.3374724073888 25.2969362576297 0,55.3366482460008 25.2976313665078 0,55.3358141454002 25.2983354979997 0,55.3365291335775 25.2990395992765 0,55.3372540402673 25.2997436967559 0,55.3379690354371 25.3004568180298 0,55.3386939688051 25.3011609082938 0,55.3387238109945 25.302325404666 0,55.3387437233395 25.3034899012128 0,55.3392998786101 25.3043474551545 0,55.3398560223316 25.3052140340063 0,55.3404121833709 25.3060715835498 0,55.3414648660143 25.3066131556423 0,55.3414053232512 25.3072360292084 0,55.3405215353073 25.308021433065 0,55.3391213313238 25.3087978256156 0,55.3381566879015 25.3092889979292 0,55.3381042339874 25.3093156837519 0,55.3392098693289 25.3109494499612 0,55.339222922439 25.3110268748837 0,55.3392341686259 25.3111148074216 0,55.33924186943 25.3112024151241 0,55.3392460844606 25.3112903298865 0,55.3392468137018 25.311378380194 0,55.3392440372757 25.3114663945326 0,55.3392377650978 25.311554210414 0,55.3392280368761 25.3116416472941 0,55.3392148625262 25.3117285336569 0,55.3391981626229 25.3118155104289 0,55.339174362047 25.311904356089 0,55.3391465195422 25.3119946191583 0,55.3391151414785 25.3120840428397 0,55.339080257634 25.3121724556149 0,55.3390419375114 25.3122596769368 0,55.3390002406841 25.3123455533397 0,55.3389552763814 25.312429922329 0,55.3389165082418 25.3124965347655 0,55.3388692969681 25.3125277522539 0,55.3388421463 25.3125522076818 0,55.3388190377875 25.3125807793113 0,55.3388010141625 25.3126125643957 0,55.3387887904187 25.3126463893876 0,55.3387826346446 25.3126809724305 0,55.3387823779571 25.3127150136291 0,55.3387874542375 25.312747465861 0,55.3387973569944 25.312778202765 0,55.338812582843 25.3128084068717 0,55.3388333204394 25.3128371935167 0,55.3388593214534 25.3128633711301 0,55.3388899005822 25.3128857842662 0,55.3389239852163 25.3129035302531 0,55.3389602644101 25.3129160314042 0,55.3389973179924 25.3129231252846 0,55.3390337953273 25.3129250285965 0,55.3390689019386 25.3129222378614 0,55.3391040083255 25.3129147439998 0,55.3391388065978 25.3129021408042 0,55.3391720056941 25.3128843561092 0,55.339202235123 25.3128617059188 0,55.3392282535194 25.3128348943983 0,55.3392491274024 25.3128049416492 0,55.3392667532764 25.3127646259187 0,55.3393073922905 25.3127779663293 0,55.3393527587621 25.3127955402448 0,55.3393972514245 25.312815551499 0,55.3394406319282 25.3128379278855 0,55.3394826718541 25.3128625971981 0,55.339523162644 25.3128894601487 0,55.3395618957372 25.3129183813407 0,55.3395986824348 25.3129492253771 0,55.3396333538976 25.3129818117245 0,55.339665781011 25.3130159688752 0,55.3396958346592 25.3130515162942 0,55.3397234254492 25.3130882373364 0,55.3397491989532 25.3131269985766 0,55.3426990206762 25.3174708866424 0,55.3427298028259 25.3175260402201 0,55.3427598503493 25.3175848317562 0,55.3427875342712 25.3176446976615 0,55.3428127949897 25.3177055115616 0,55.3428355729031 25.3177671561094 0,55.3428558084086 25.3178295049306 0,55.3428734716973 25.3178924226219 0,55.3428885428931 25.3179557918331 0,55.342891454017 25.3179706502381 0,55.3428510632772 25.317984301815 0,55.3428232657537 25.3179974019179 0,55.34279721647 25.3180141578756 0,55.3427737397189 25.3180341995255 0,55.3427535704001 25.3180570303317 0,55.3427372249024 25.3180819371224 0,55.3427250110475 25.3181081435492 0,55.3427169784309 25.3181348100905 0,55.3427129581657 25.3181612597258 0,55.3427125926692 25.3181868786359 0,55.3427156535686 25.3182123438673 0,55.3427224487971 25.318238314378 0,55.3427332563951 25.3182641763072 0,55.3427481756242 25.3182891894265 0,55.3427670574508 25.3183125593598 0,55.3427895641413 25.3183335188247 0,55.3428150401604 25.3183514449923 0,55.3428427405965 25.3183658414192 0,55.342871781513 25.3183764554026 0,55.3429012789911 25.3183832689451 0,55.3429304385102 25.3183864445858 0,55.3429555953223 25.3183863165664 0,55.3429868896249 25.318382938388 0,55.34301383372 25.3183776557723 0,55.3430403406584 25.3183703330578 0,55.3430661323591 25.3183610424797 0,55.3430909406727 25.318349856273 0,55.343131529448 25.3183276108266 0,55.3431763896899 25.3183162878648 0,55.3432310820711 25.3183029872964 0,55.3432877706997 25.3182897226812 0,55.343381284538 25.3182615066746 0,55.343473010483 25.3182313860151 0,55.3435638522852 25.3181990808036 0,55.3436537106267 25.3181646181299 0,55.3437455052818 25.3181266527528 0,55.343807803569 25.318095225032 0,55.3438697440638 25.318061224589 0,55.3439304230251 25.3180250938168 0,55.343989701414 25.3179868959166 0,55.3440474501245 25.3179467031162 0,55.3441179101093 25.3178937992176 0,55.3442096400634 25.3180249109915 0,55.3443053843644 25.3181757556301 0,55.3443453481291 25.3182739674091 0,55.3443776646171 25.3183723332097 0,55.3443948658649 25.3184779759727 0,55.3444010741956 25.3185988753424 0,55.3443980556277 25.3187153701823 0,55.3443835920795 25.3187911627248 0,55.3443633075945 25.318856357896 0,55.3443355252025 25.3189274122057 0,55.3443022101764 25.3189911910861 0,55.3442567186734 25.3190527953323 0,55.3442014144578 25.3191126490322 0,55.344153516373 25.3191403205891 0,55.3441433752709 25.3191308158067 0,55.3441250993425 25.3191125914497 0,55.3440986197893 25.3190937448204 0,55.3440755372606 25.3190791948341 0,55.344048233857 25.3190656291039 0,55.3440231851028 25.3190537783524 0,55.3439977990003 25.3190456287282 0,55.3439705257069 25.3190354842488 0,55.3439330233696 25.319032065683 0,55.3438898204287 25.3190307327739 0,55.3438615845579 25.3190296515425 0,55.3438275590583 25.3190348626003 0,55.3438052830554 25.3190437558691 0,55.3437869297605 25.3190491012096 0,55.3437504519985 25.3190645130361 0,55.3437232110759 25.3190843655314 0,55.3436988005869 25.3191031706801 0,55.3436765055015 25.3191215152947 0,55.3436610335252 25.319140364945 0,55.343635382709 25.3191728281582 0,55.3436238544205 25.3192013455429 0,55.3436086218423 25.3192327067184 0,55.3436021975205 25.3192503551282 0,55.3435950984685 25.3192754509344 0,55.3435949528097 25.3193148090592 0,55.3435962797394 25.3193861500628 0,55.3439300065417 25.3203151042651 0,55.3441269952812 25.3212299763856 0,55.3441365232819 25.3212676637805 0,55.3441563794897 25.3212947435881 0,55.3441643064722 25.321309935595 0,55.3441947312614 25.3213488581597 0,55.3442247670997 25.3213695911644 0,55.3442545643428 25.3213876431355 0,55.3442647055849 25.3213965160112 0,55.3442972933187 25.3214103521165 0,55.344329424173 25.3214239625714 0,55.3443553469885 25.321430712897 0,55.3443855699495 25.3214334819497 0,55.3444179880875 25.3214387784159 0,55.3444509420256 25.3214383336066 0,55.3444888016391 25.3214305403691 0,55.3445211393503 25.3214252209633 0,55.3445434551931 25.3214133847554 0,55.344574372088 25.3214020985408 0,55.3446041660484 25.3213840420897 0,55.3446308910023 25.3213654622966 0,55.3446581717508 25.3213427751308 0,55.3446680029356 25.3213280692487 0,55.3446990861255 25.3212898551914 0,55.3447139219688 25.3212645240375 0,55.3447203257827 25.3212405746781 0,55.3447302551119 25.3212134926462 0,55.3447340079762 25.3211987601481 0,55.3447356635098 25.3211657930939 0,55.3447393259799 25.3211403273946 0,55.3447296980439 25.3210979369328 0,55.3447157202787 25.321058904883 0,55.3447094807716 25.3210342253051 0,55.3446896145514 25.3210071455719 0,55.3446755594091 25.3209901667008 0,55.3446556932036 25.3209630869628 0,55.3446263221055 25.3209345906977 0,55.3445766604095 25.3209075132288 0,55.3445682773269 25.3209008789579 0,55.3445546195695 25.3208847937265 0,55.3444647692168 25.3204825985973 0,55.3446397877346 25.3204858079466 0,55.3448217299323 25.3205017808525 0,55.3450176580156 25.3205370974775 0,55.3452063685032 25.3206002720197 0,55.3452465043554 25.3206145857442 0,55.3455023698669 25.3207354195067 0,55.3457172474679 25.3208587658031 0,55.3459311456926 25.3210153676614 0,55.3461371114004 25.3211956298931 0,55.3462546221057 25.3213539096273 0,55.3464256471458 25.3216141003407 0,55.3465660168528 25.3219088854001 0,55.3466733725489 25.3221953322773 0,55.3467024038081 25.3222875413391 0,55.346716227915 25.3223672853689 0,55.3467204663345 25.3224346451047 0,55.3467165612465 25.3225083787025 0,55.3467071817704 25.3225651238197 0,55.3466854302342 25.3226509733836 0,55.3466537455496 25.3227264788005 0,55.3466125055884 25.3227959188692 0,55.346572178144 25.3228545082862 0,55.3465265960476 25.3229076999648 0,55.3464658380562 25.3229631858617 0,55.3464079392618 25.3230078118952 0,55.3464092576749 25.3229841247047 0,55.3464168737096 25.3229672433781 0,55.3464267830021 25.3229407570278 0,55.3464351821415 25.322909766295 0,55.346436152495 25.3228820530545 0,55.3464361495806 25.3228549717965 0,55.3464344590791 25.3228358074429 0,55.3464272751252 25.3228067769723 0,55.3464188398692 25.3227789111063 0,55.3464089059399 25.3227608487885 0,55.3463922075164 25.3227351952898 0,55.3463730364478 25.3227133875467 0,55.3463579581653 25.3226990809482 0,55.3463381021558 25.3226805862017 0,55.3463127439297 25.3226629765916 0,55.3462865519577 25.3226503770833 0,55.3462650681428 25.3226414872897 0,55.3462352712514 25.3226324628147 0,55.3462033792031 25.3226280333037 0,55.3461736924025 25.322626889453 0,55.3461538284484 25.3226268911822 0,55.3461219270471 25.3226279320687 0,55.3460924792182 25.3226325474621 0,55.3460621479243 25.3226417847941 0,55.3460353724052 25.3226522765785 0,55.3460126791631 25.3226650518597 0,55.3459917638441 25.3226788199642 0,55.3459723982741 25.3226960994694 0,55.3459539663127 25.3227134511088 0,55.3459366569762 25.3227338538049 0,55.3459211948622 25.3227530828201 0,55.3459080973753 25.3227802374135 0,55.3458972643022 25.3228066696458 0,55.3458937105527 25.3228251213128 0,55.3458888561399 25.3228477345773 0,55.3458829711285 25.3228929607799 0,55.3460894714004 25.3238798833339 0,55.3462617618876 25.3247094573735 0,55.3462738431301 25.324744752211 0,55.3462783753868 25.324774812002 0,55.3462858072731 25.3247995906939 0,55.346293983903 25.324822762499 0,55.3463062921503 25.3248443993357 0,55.3463304305622 25.3248750080496 0,55.3463476349082 25.3248922572882 0,55.3463680379116 25.3249141371357 0,55.3463908240116 25.3249301401378 0,55.3464211688533 25.3249494644321 0,55.346450251656 25.3249626323614 0,55.3464772284719 25.3249723430998 0,55.3465087637777 25.3249785418903 0,55.3465405074243 25.324982547074 0,55.3465668776672 25.3249856139169 0,55.346597994866 25.324982966184 0,55.3466182065743 25.3249806173217 0,55.3466500981944 25.3249753606809 0,55.34669502953 25.3249589995387 0,55.3467185475811 25.3249469823564 0,55.3467471605072 25.3249320489587 0,55.3467733095599 25.3249108690383 0,55.3467978193835 25.3248859520504 0,55.3468121096608 25.3248669577601 0,55.3468319709766 25.3248398656642 0,55.3468446913093 25.324814985856 0,55.346854620457 25.3247879036942 0,55.3468592365023 25.3247662472967 0,55.3468638611457 25.3247326029309 0,55.3468658843028 25.3247056027374 0,55.3468658812925 25.3246785214861 0,55.3468593030105 25.3246496986111 0,55.3468492883145 25.3246218058406 0,55.3468393541728 25.3246037616105 0,55.3468268569234 25.3245801298494 0,55.3468031751047 25.3245475442424 0,55.3467688556565 25.3245119716368 0,55.3467500413167 25.324485803834 0,55.3467289222509 25.3244552671295 0,55.3467179451138 25.3244358237875 0,55.3466807968311 25.3242351550726 0,55.3469342250373 25.3242398982035 0,55.3471761731246 25.3242567743787 0,55.3474235678954 25.3243066526564 0,55.3476639825884 25.3243735111427 0,55.3478957395376 25.3244638224564 0,55.3481089753187 25.3245699416865 0,55.3483122922593 25.3247004437683 0,55.3483957100685 25.3247622346818 0,55.3484883671467 25.3248423315235 0,55.3485797134277 25.3249234394749 0,55.348657384556 25.3250150743706 0,55.3487342233322 25.3251212068069 0,55.3487918037243 25.3252273141417 0,55.3488380034232 25.3253452391018 0,55.34886816142 25.3254531727566 0,55.3488895529269 25.3255893079357 0,55.3488895563875 25.3256163891834 0,55.3488934292589 25.3256886595981 0,55.3488855739719 25.3257750496071 0,55.3488644196555 25.3258634179478 0,55.3488371559089 25.325943409795 0,55.3487978929418 25.3260153597657 0,55.3487564345983 25.3260849358324 0,55.3487005252682 25.3261585214188 0,55.3486526882349 25.3262116688309 0,55.3486472043276 25.3262013785275 0,55.3486422239188 25.3261668504563 0,55.3486311860248 25.326141810477 0,55.3486173973215 25.3261201378837 0,55.3486044831501 25.3261023558708 0,55.3485846152363 25.3260752766819 0,55.3485599803621 25.3260523053052 0,55.3485379191463 25.326038902366 0,55.3485128384152 25.3260245789721 0,55.3484882644306 25.326011826234 0,55.3484584665496 25.3260028022131 0,55.3484313505154 25.3259948611612 0,55.3483990601941 25.3259902516267 0,55.3483707332215 25.3259887018617 0,55.3483470151269 25.3259896882319 0,55.3483134841497 25.3259921560376 0,55.3482829634815 25.3260014480044 0,55.3482566937842 25.3260105048303 0,55.3482359959259 25.326018324378 0,55.3482061811146 25.3260331769402 0,55.348176684824 25.3260537345801 0,55.3481537836823 25.3260754379904 0,55.3481339213607 25.3260934941507 0,55.3481168211304 25.3261191959699 0,55.3481028497181 25.3261462334815 0,55.3480959987953 25.3261655250422 0,55.3480860698116 25.3261926072826 0,55.3480819912466 25.3262222977634 0,55.3480786576416 25.3262523311986 0,55.3480804288691 25.3262794303212 0,55.3480859146694 25.3263057076074 0,55.348092284654 25.3263337089775 0,55.3481043853906 25.3263602473856 0,55.3481217009247 25.326389610746 0,55.3481400686955 25.3264140903473 0,55.348155873318 25.3264334337946 0,55.3487279645828 25.3269159629136 0,55.3488191025979 25.326986039622 0,55.34887939735 25.3270290473146 0,55.3489660645966 25.3270883280138 0,55.3489997282439 25.3271111990618 0,55.349035338449 25.3271325623721 0,55.349079868996 25.3271622928248 0,55.3500450870962 25.3277595896803 0,55.3500721153134 25.3277753569215 0,55.3501226636221 25.3277923220815 0,55.3501566035092 25.3277987003563 0,55.350216476246 25.3278003996272 0,55.3502712412002 25.3277839098947 0,55.3503141063582 25.3277618969405 0,55.3503656989765 25.3277177395381 0,55.3503911706847 25.3276829281711 0,55.3504140885516 25.3276395413694 0,55.3504236666184 25.327591922411 0,55.3504199054141 25.3275437362928 0,55.3504062219648 25.3274969324674 0,55.3503840879086 25.3274631918037 0,55.3503593120502 25.3274308506393 0,55.350337130154 25.3274099735634 0,55.3502961269437 25.3273927636464 0,55.3502563949722 25.3273747230806 0,55.350206731901 25.327365710722 0,55.3501868659229 25.3273566768878 0,55.3501555663021 25.3273368118598 0,55.3502025458519 25.3272613942584 0,55.3502348201711 25.3272193694999 0,55.3502967766888 25.3271373874611 0,55.3503617748216 25.3270725835788 0,55.3504078348297 25.3270284990134 0,55.3504694588061 25.3269846744098 0,55.3505442426692 25.3269379866591 0,55.3505973068657 25.3269081188682 0,55.3506720547544 25.3268884671643 0,55.3508169742794 25.3268674079164 0,55.3509317711045 25.3268607412935 0,55.3510890423615 25.3268803743841 0,55.3511988876617 25.3269057813686 0,55.3513530837933 25.3269510514599 0,55.3514758344163 25.3269972911619 0,55.3515901737156 25.3270520172596 0,55.3516701058263 25.3270957435419 0,55.3517314241715 25.3271354460276 0,55.3518108705029 25.3271844441087 0,55.3519245198229 25.3272716404408 0,55.3519662118754 25.3273105418922 0,55.3520400598617 25.3273810069536 0,55.3522612164152 25.3276527028563 0,55.3522347667817 25.3276547192901 0,55.3521843401901 25.3276556104031 0,55.3521529935249 25.3276552804077 0,55.3520548609275 25.3276513029379 0,55.3519578698647 25.3276427756102 0,55.3519052073666 25.32763630984 0,55.351875408835 25.3276272865123 0,55.3517711988599 25.3276312985841 0,55.3516763941803 25.3276308861425 0,55.3516525238971 25.3276125370579 0,55.3516095737022 25.3275954360739 0,55.3515552219097 25.327583436788 0,55.3514886763937 25.327593085923 0,55.3514304164377 25.327615940629 0,55.3513896188688 25.3276473869536 0,55.3513711584858 25.3276738656402 0,55.3513478863266 25.3277371122098 0,55.351351977321 25.327796428652 0,55.3513769554118 25.3278506693189 0,55.351400956988 25.3278836152195 0,55.3514527901853 25.327923273844 0,55.3514986407701 25.3279405911653 0,55.3515481639234 25.3279416231665 0,55.3516247416709 25.3279340489884 0,55.3517209261047 25.3279272667084 0,55.3517868896471 25.3279431732045 0,55.353419903343 25.3279204912615 0,55.3535487454302 25.3279137484689 0,55.3536368343278 25.3279039690582 0,55.3537626927136 25.3278736928927 0,55.3538351658646 25.3278522705946 0,55.3539327169008 25.3278225578981 0,55.354057737197 25.3277710769869 0,55.3541431361569 25.3277142304571 0,55.3542174710502 25.3276614205506 0,55.3542893819283 25.3276060021248 0,55.3543464565135 25.327566491495 0,55.3543822854353 25.3275254041401 0,55.3544329306762 25.3274684089402 0,55.3544840120548 25.327406584172 0,55.354550355807 25.3273240219853 0,55.3545817530022 25.3272728790509 0,55.3546485526577 25.3271854872648 0,55.3546706206289 25.3271190808663 0,55.3547124023893 25.3270419835417 0,55.3547428771084 25.3269421666851 0,55.3547642855905 25.3268538335866 0,55.3547752594097 25.3267331308897 0,55.3547725324449 25.32664544222 0,55.3547393836211 25.3263926526519 0,55.3546440605652 25.3262057336603 0,55.3544448952237 25.3259565426484 0,55.3542470887029 25.3257493902883 0,55.3540484410103 25.3254979328533 0,55.3539277472675 25.3252190760989 0,55.3538649532696 25.32502637469 0,55.3538353795963 25.3248162192792 0,55.3538807820129 25.3244193011113 0,55.3538885985396 25.3243601545668 0,55.3538927000909 25.3241812642679 0,55.3539072786204 25.3239943022887 0,55.3538835677374 25.3238000788441 0,55.3538197489209 25.3235918057998 0,55.353761599081 25.3234282069809 0,55.3536322983848 25.3232172889432 0,55.3535110758916 25.3230246675828 0,55.3533642855019 25.3228721840186 0,55.3532937253372 25.3227917261474 0,55.353083039805 25.3226190122102 0,55.352927416342 25.3224997671174 0,55.3527784238712 25.3224185430719 0,55.3526890261866 25.3223553562066 0,55.3525896937928 25.3222741344656 0,55.3525002948925 25.322201929425 0,55.3523910322258 25.3221297268991 0,55.3523016335494 25.3220575217365 0,55.3522420321541 25.3219943397861 0,55.3522023059916 25.321940182355 0,55.3521824224359 25.3218769952894 0,55.3521625488327 25.3218138082193 0,55.3521526029697 25.3217235386167 0,55.3521724542054 25.3216422922941 0,55.3522697862623 25.321511161375 0,55.3524446012321 25.3214091056397 0,55.3526491193604 25.3212269845637 0,55.3527384874209 25.3211096206808 0,55.3528079930661 25.3210012864559 0,55.3528476945967 25.320901983234 0,55.3528675508222 25.3207936555431 0,55.3528873970806 25.3206853278492 0,55.3528774522219 25.3206040853705 0,55.3528575712292 25.3204957629403 0,55.352817835171 25.3203784160428 0,55.3527582186386 25.3202791259322 0,55.3526988413628 25.3201848457992 0,55.3526064884313 25.3200762168845 0,55.3523644081505 25.3199277166097 0,55.3521546179425 25.3198524034576 0,55.3517947615622 25.3197917869259 0,55.3517053704045 25.3197556897359 0,55.3514074007077 25.3196383744063 0,55.351149157158 25.3195120265859 0,55.3509703790829 25.319394695914 0,55.350821376601 25.3192773705206 0,55.3506922390787 25.3191690516728 0,55.3506028496748 25.3190697641764 0,55.350523382165 25.3189704844948 0,55.350463780663 25.318889238589 0,55.350503499714 25.3188350714223 0,55.3505034895315 25.3187628546957 0,55.3504736843828 25.3186906504631 0,55.3504041577291 25.3186545411398 0,55.3503445640289 25.3186274667558 0,55.3502949070329 25.3186364995694 0,55.3502353020894 25.318528181321 0,55.3501458911342 25.3183386226261 0,55.3500962131171 25.3181941948176 0,55.3500564643421 25.3180317116796 0,55.3500465278049 25.3179233877026 0,55.350026628701 25.3177338210217 0,55.3500166736265 25.3175623073931 0,55.3500067235239 25.3174269021301 0,55.3499868419018 25.3172914979863 0,55.349957027561 25.3171470678647 0,55.3499073514833 25.3170116670619 0,55.3498477415601 25.3168582131664 0,55.3497484033782 25.3166867094857 0,55.3496590005848 25.3165422859153 0,55.349539803597 25.3163978655663 0,55.3494802040123 25.3163166282607 0,55.3494007415959 25.3162353930963 0,55.3493113478365 25.3161541589649 0,55.3492120227539 25.3160729258485 0,55.3490233090661 25.3159465577059 0,55.3489041226492 25.3158743626139 0,55.3488147428599 25.3158202094598 0,55.3487750026631 25.3157841052492 0,55.3487551352532 25.31574799895 0,55.3487451981257 25.3157028645152 0,55.3487451912718 25.3156487019469 0,55.3487551112491 25.31555842996 0,55.3487650266367 25.3154320495914 0,55.3487749477263 25.3153508046957 0,55.3487848710931 25.3152876139889 0,55.3488146613903 25.3151792857188 0,55.3487848413171 25.3150529095099 0,55.3487947669466 25.315007772991 0,55.3488344877732 25.3149716604369 0,55.3488543424258 25.3149084686776 0,55.3488344716887 25.3148452810975 0,55.3487848092523 25.3148001598588 0,55.3487351514165 25.3147911289322 0,55.3487004191019 25.3147719048425 0,55.3485415989989 25.3144684122857 0,55.3483508540753 25.3141125566125 0,55.3482212983779 25.3136890093329 0,55.348144096398 25.3133506160481 0))
A12: 11 | B12: 369 | C12: Sector 3 | D12: AL QOUZ IND. FOURTH | E12: 48926 | F12: 4.6890569 | G12: =E12/F12 -> 10434.081 | H12: =VLOOKUP(A12,ref!$A$2:$C$220,2,0) -> POLYGON Z ((55.236699107624 25.1271930449148 0,55.2375424058716 25.1266429259666 0,55.238375787537 25.1260837684908 0,55.2392091616232 25.1255246062649 0,55.2400425212751 25.1249744666052 0,55.2408758802647 25.1244152948811 0,55.2417092316755 25.1238561184079 0,55.2425425688366 25.1233059645046 0,55.2433759051516 25.1227467785353 0,55.2442092338881 25.122187587818 0,55.2450425550464 25.1216283923531 0,55.2458758721166 25.1210782194689 0,55.2467091682644 25.1205190145048 0,55.24754246675 25.1199598048001 0,55.2483757514164 25.1194096176739 0,55.2477515567383 25.1187051270152 0,55.2471174736786 25.1180006279262 0,55.2464933131925 25.1172961318857 0,55.245235068729 25.1158871348972 0,55.2446109198452 25.1151826217563 0,55.2439768630259 25.1144781089928 0,55.2433527284938 25.1137735994884 0,55.2427286011118 25.1130690873098 0,55.2420945659708 25.1123645663567 0,55.241470452945 25.1116600487888 0,55.2408463470683 25.1109555285475 0,55.2402123336028 25.110250999407 0,55.2395882420805 25.1095464737779 0,55.2383301659134 25.1081374081507 0,55.2370721185645 25.1067283316677 0,55.236448062894 25.1060237925945 0,55.23582401437 25.1053192508498 0,55.2351900587106 25.1046146998737 0,55.234566024536 25.1039101527454 0,55.2333080708551 25.1024920164499 0,55.2330305935826 25.1023473915216 0,55.2322072706034 25.1028975005789 0,55.231383940266 25.1034476050021 0,55.2305606101152 25.1039886774519 0,55.2297372651217 25.1045387726067 0,55.2289139127696 25.1050888631265 0,55.2280905431445 25.1056389490037 0,55.2272671859894 25.1061890302592 0,55.2264438115609 25.1067391068715 0,55.2256204297734 25.1072891788473 0,55.2247970406267 25.1078392461863 0,55.2239736441207 25.1083893088881 0,55.2231502483459 25.1089303396217 0,55.2223268371816 25.1094803930491 0,55.2215034186577 25.1100304418382 0,55.220680002697 25.1105804769691 0,55.2198565595303 25.1111305255006 0,55.2190331189265 25.1116805603731 0,55.2182096709542 25.1122305996334 0,55.2188038830913 25.1129622646011 0,55.2193881956455 25.1136849012247 0,55.2199824218035 25.1144165704027 0,55.2205667399014 25.1151482296111 0,55.2211609801336 25.1158798939705 0,55.2217453121878 25.1166115484381 0,55.2223296593452 25.1173341732343 0,55.2229239206181 25.1180658303845 0,55.2235082735372 25.1187974777596 0,55.2241025488876 25.1195291300889 0,55.2246869237483 25.1202517454035 0,55.2252812230498 25.1209833929188 0,55.2258655939315 25.1217150308005 0,55.2264598973976 25.1224466734857 0,55.2270442921651 25.1231782976024 0,55.2276386174713 25.1239009171773 0,55.2282230261521 25.1246325455763 0,55.2288074417856 25.1253641716214 0,55.2294314978826 25.1261319323687 0,55.2300555617719 25.126899690434 0,55.2306697173135 25.1276674389487 0,55.231293789227 25.128444219 0,55.2319178764789 25.1292119690583 0,55.2325320551971 25.1299797096892 0,55.2333654822625 25.1294205807756 0,55.2341989017479 25.1288614471098 0,55.235032306429 25.1283113360026 0,55.2358657108163 25.1277521928343 0,55.236699107624 25.1271930449148 0))
A13: 12 | B13: 681 | C13: Sector 6 | D13: AL BARSHA SOUTH FOURTH | E13: 44363 | F13: 6.8031892 | G13: =E13/F13 -> 6520.9123 | H13: =VLOOKUP(A13,ref!$A$2:$C$220,2,0) -> POLYGON Z ((55.2108090325971 25.0765575928916 0,55.2113347718341 25.0761517850777 0,55.2118506045487 25.075736957942 0,55.2123565218839 25.0753221118724 0,55.2128723653559 25.0748892173487 0,55.2133683628051 25.0744653323358 0,55.2138643854225 25.0740324182746 0,55.214360403363 25.0735904751389 0,55.2148465146894 25.0731394950238 0,55.2153227107517 25.0726885053975 0,55.2154318345632 25.0725892909331 0,55.2156600192171 25.0723637874963 0,55.215917972442 25.0721021977271 0,55.2161858533811 25.0718225605709 0,55.2164339013107 25.0715519346823 0,55.2168307928087 25.0711008776202 0,55.2171582665543 25.0706858746837 0,55.2173865040095 25.070397176881 0,55.2176147488754 25.0700994513361 0,55.2178231781592 25.069792682626 0,55.2180316064026 25.0694859136069 0,55.2182400336057 25.0691791442787 0,55.2184286453959 25.0688633319233 0,55.2186172562164 25.0685475193114 0,55.2188058744614 25.0682226790641 0,55.2189746690707 25.0678978232925 0,55.2191434627868 25.0675729673117 0,55.2193023527002 25.0672390761297 0,55.2194513305096 25.0669051771578 0,55.2196003075082 25.0665712780187 0,55.2197393808352 25.0662283437483 0,55.2198685339115 25.0658944291376 0,55.2199877834676 25.0655514704217 0,55.2201070505483 25.0651995022713 0,55.2202163777662 25.0648565447968 0,55.2203158115176 25.0645045523043 0,55.2204053336868 25.0641525431619 0,55.2207136975958 25.0629250611509 0,55.2210220553196 25.0616975692478 0,55.2212508172251 25.0608040300493 0,55.2214696651097 25.0599104829143 0,55.2216984203998 25.0590169427885 0,55.221917261813 25.0581233947567 0,55.2221460104888 25.0572298537038 0,55.2223648454316 25.0563363047754 0,55.2225935874939 25.0554427627957 0,55.2228124159673 25.0545492129708 0,55.223041151417 25.0536556700643 0,55.2232599734218 25.0527621193432 0,55.2234887022598 25.0518685755102 0,55.2225079663167 25.0514706411502 0,55.2215371466942 25.0510727077742 0,55.2205663251025 25.0506837954545 0,55.2195856080852 25.0502858418021 0,55.2179909331439 25.0494089536133 0,55.2167429019516 25.0487760607628 0,55.2154948551571 25.0481521848063 0,55.21445482975 25.0476367848422 0,55.2134148042633 25.0471304230511 0,55.2123846526774 25.046669190032 0,55.2113445992429 25.0462079507609 0,55.2097992940091 25.0456198831357 0,55.2087987147579 25.0453391980446 0,55.207798149282 25.0450494788184 0,55.2067182572849 25.0448138497418 0,55.2056383787994 25.0445691854215 0,55.2045585046347 25.0443245132611 0,55.2035479530667 25.0441250308863 0,55.2025473141855 25.043925550369 0,55.2015466785733 25.0437260631204 0,55.2005460462305 25.0435265691404 0,55.1995454269521 25.0433180410268 0,55.1989795718819 25.0442563811285 0,55.1984137081742 25.0451947189206 0,55.1978379361887 25.046124017967 0,55.1973415819403 25.0469179762611 0,55.1968352916894 25.0477209510672 0,55.1963980820843 25.0487948098568 0,55.1959608448508 25.0498776945561 0,55.1955430161368 25.0513216918261 0,55.1952142065182 25.052910217818 0,55.1951231023145 25.0546162931703 0,55.1952112726236 25.0555281512181 0,55.1952895239145 25.0564399908596 0,55.1954966624439 25.0573248678468 0,55.1957037839237 25.0582187718261 0,55.1960397462224 25.0591127945859 0,55.1963658127265 25.0599977799773 0,55.1968699973571 25.0611356952481 0,55.1986704000795 25.0636554023014 0,55.2102436778246 25.0769272474451 0,55.2108090325971 25.0765575928916 0))
A14: 13 | B14: 324 | C14: Sector 3 | D14: AL KIFAF | E14: 3868 | F14: 0.79564597 | G14: =E14/F14 -> 4861.4587 | H14: =VLOOKUP(A14,ref!$A$2:$C$220,2,0) -> POLYGON Z ((55.2988618536778 25.237849569329 0,55.2997353843993 25.2373984110808 0,55.3006089086763 25.2369472476339 0,55.3014824165861 25.2364960699592 0,55.3023658651131 25.2360358800344 0,55.3032393699554 25.2355847009336 0,55.3041128683533 25.2351335166354 0,55.3049863603066 25.2346823271399 0,55.3048972595292 25.2337254274553 0,55.3038949324128 25.2334273337367 0,55.302902534884 25.2331292352556 0,55.3019002198545 25.2328221007961 0,55.3008979074735 25.2325239867252 0,55.299905524607 25.2322258680938 0,55.2989032245356 25.2319187132828 0,55.297900926892 25.231620578862 0,55.2968688290448 25.2313946478605 0,55.2958367521046 25.2311777278221 0,55.2947947443904 25.2309608160372 0,55.2937626777307 25.2307348633393 0,55.292730592049 25.2305179306226 0,55.2916885985776 25.230291960705 0,55.2906565302602 25.2300750135019 0,55.2896244656162 25.2298580590894 0,55.290199725609 25.2308692832932 0,55.2907452465022 25.2318082609386 0,55.2913007103488 25.2327472483153 0,55.2918065637203 25.233614002008 0,55.2923124341832 25.2344807538792 0,55.2928183118103 25.235347512953 0,55.2933241995657 25.2362052249576 0,55.2938400165059 25.2370719740087 0,55.2943459156733 25.2379387185474 0,55.2948518220097 25.2388054612607 0,55.2953577383205 25.2396631749623 0,55.296231294921 25.2392120375719 0,55.297104845077 25.2387608949814 0,55.2979783887885 25.2383097471912 0,55.2988618536778 25.237849569329 0))
A15: 14 | B15: 591 | C15: Sector 5 | D15: JABAL ALI FIRST | E15: 96005 | F15: 21.323936 | G15: =E15/F15 -> 4502.2176 | H15: =VLOOKUP(A15,ref!$A$2:$C$220,2,0) -> POLYGON Z ((55.1327018281843 25.0647370031179 0,55.1334364744274 25.063979695189 0,55.1341810371264 25.0632133694367 0,55.1349255760164 25.0624560671645 0,55.1356701057463 25.0616987610259 0,55.1364047300248 25.0609324105264 0,55.1371492414411 25.0601750967048 0,55.1377350021549 25.0595258985088 0,55.1379832253296 25.0592373492723 0,55.1382314616336 25.058939772247 0,55.1384697861997 25.0586421817842 0,55.1386982133583 25.0583355505752 0,55.1389266393771 25.0580289189953 0,55.139145153793 25.0577222740867 0,55.13935377089 25.0574065885353 0,55.1395624011093 25.0570818753123 0,55.1397511952583 25.0567661723286 0,55.1399499271578 25.0564324092159 0,55.140128823143 25.0561076564209 0,55.1403474583682 25.0557197633795 0,55.1405760123927 25.0553318828625 0,55.1408045451517 25.0549440019393 0,55.1410429825008 25.0545651608415 0,55.1412913285585 25.0541863321466 0,55.1415396730841 25.0538075030081 0,55.1417979121822 25.0534377045424 0,55.1420660457794 25.0530769637814 0,55.1423441018678 25.0527071988594 0,55.142622128348 25.0523554881208 0,55.1429100632435 25.0520037895404 0,55.1431979964927 25.0516520903756 0,55.1434958241417 25.0513094306594 0,55.1438035600548 25.050966782965 0,55.1441112942549 25.0506241346074 0,55.1444289089414 25.0502995529279 0,55.1447465219539 25.0499749705454 0,55.1450740431102 25.049650400019 0,55.1454114585707 25.0493348686541 0,55.1457488723036 25.0490193364993 0,55.1460961803399 25.0487128434175 0,55.146443472964 25.048415376874 0,55.1468006736081 25.0481179219402 0,55.1470388163234 25.0479196181742 0,55.147792838765 25.0473247539889 0,55.1485369542751 25.0467298645458 0,55.1492810760594 25.0461259619645 0,55.1500350866404 25.0455310861427 0,55.1507791805103 25.0449361942294 0,55.1515232805167 25.0443322711208 0,55.1522772693292 25.0437373836528 0,55.153021341574 25.0431424802446 0,55.153765419804 25.0425385366113 0,55.1545193868367 25.0419436465274 0,55.1552634374583 25.0413487316271 0,55.1560074938872 25.0407447855267 0,55.1567614391681 25.0401498747748 0,55.1575054681683 25.0395549483852 0,55.1582594117761 25.038951002468 0,55.1590034263289 25.0383560684033 0,55.1597474336966 25.0377611395544 0,55.16050135539 25.0371571729706 0,55.1612453483243 25.0365622274211 0,55.1619893466268 25.0359582506652 0,55.1627432338421 25.035363308868 0,55.1634872051596 25.0347683518365 0,55.164231181681 25.0341643635962 0,55.1649850471254 25.033569419196 0,55.1658777712159 25.03286628038 0,55.1667803935503 25.0321631562137 0,55.167683017726 25.0314509990422 0,55.1685738364761 25.030749331108 0,55.168575711124 25.0307478526895 0,55.1694584741097 25.030053717339 0,55.1703412271709 25.0293595766305 0,55.1695196875723 25.0287177266054 0,55.1689456502596 25.0282476669544 0,55.1683815154876 25.0277776160636 0,55.1678173850158 25.027307563024 0,55.1672532709937 25.0268284804267 0,55.1667089894571 25.0263403904841 0,55.1661548043095 25.0258522873964 0,55.1656204515701 25.0253551771807 0,55.1650761952984 25.0248580538196 0,55.1645517713503 25.0243519235438 0,55.1640273640861 25.0238367639947 0,55.163502961198 25.023321602583 0,55.1629983780273 25.0228064620139 0,55.1624839039328 25.0222822809208 0,55.1619892619096 25.0217490934591 0,55.1614946241556 25.0212159043362 0,55.1610000032745 25.0206736861385 0,55.1605252016311 25.0201314983386 0,55.1600405094407 25.0195802519887 0,55.1595756362924 25.0190290362264 0,55.159110767302 25.0184778099647 0,55.1586558352549 25.0179085570935 0,55.1582008946017 25.0173483211987 0,55.1581514609308 25.0172760435129 0,55.1576261082287 25.0174649996874 0,55.1572792003706 25.0175729185105 0,55.1569223975546 25.0176717973497 0,55.1565656070983 25.0177616479131 0,55.1562088290803 25.0178424702016 0,55.1558520506005 25.0179232916304 0,55.1554853773828 25.0179950729354 0,55.1551286240622 25.0180578377934 0,55.1547619860595 25.0181115624927 0,55.154395327916 25.0181652952894 0,55.1540286925047 25.0182099817234 0,55.1536620699596 25.0182456488659 0,55.1532954603744 25.0182722876901 0,55.1529288638295 25.0182898981967 0,55.152552359882 25.0183074957532 0,55.1521857896326 25.0183070496017 0,55.151819219392 25.0183066025464 0,55.1514526491601 25.0183061545874 0,55.1510762081972 25.0182876387693 0,55.1507096548391 25.0182691341434 0,55.1503431382675 25.0182325738037 0,55.149976621919 25.0181960125615 0,55.1496101057804 25.0181594594442 0,55.1492436168156 25.0181048325476 0,55.1488870354493 25.0180502260669 0,55.1479361398186 25.0179136320217 0,55.1469951399657 25.0177860717316 0,55.1460442348497 25.0176584930162 0,55.1451032114499 25.0175489755902 0,55.1441522825312 25.0174394396119 0,55.1432013414531 25.0173389159417 0,55.1422503879656 25.0172474316609 0,55.1412994359446 25.0171559322781 0,55.1403484571672 25.0170824726086 0,55.1393974795368 25.0170090249179 0,55.1384464888454 25.0169445895305 0,55.1374855920098 25.0168801350173 0,55.1365345746173 25.0168337422248 0,55.1355835579843 25.0167873433537 0,55.1346226204127 25.0167499525696 0,55.1336715760349 25.0167215962867 0,55.1327106003992 25.0167022479472 0,55.131759547255 25.0166919342735 0,55.1307985574331 25.016681600983 0,55.1298474700067 25.0166803024569 0,55.1288864605375 25.0166880116276 0,55.127935343137 25.0167047556735 0,55.1269743183634 25.0167214798846 0,55.1260231702373 25.0167562574689 0,55.125072021592 25.01679104702 0,55.1241109400988 25.0168348349008 0,55.1231597794975 25.0168876580093 0,55.1222085884085 25.0169404749853 0,55.1212573909375 25.0170023223094 0,55.1202962542516 25.0170821860856 0,55.1193450235481 25.0171620669255 0,55.1182451778696 25.0172507541846 0,55.1171354036562 25.0173394188626 0,55.1160256696035 25.0174100204732 0,55.1149159343486 25.0174806137921 0,55.1138061978758 25.0175512078465 0,55.1127063997254 25.0176037354726 0,55.1115966934631 25.0176562492102 0,55.110813973747 25.0176821621306 0,55.1097439440697 25.0177076391628 0,55.1086838048187 25.017742150849 0,55.1076236815436 25.0177676275841 0,55.1065635578948 25.0177930967574 0,55.105503433856 25.0178185673964 0,55.1044433094943 25.0178440033913 0,55.1033831847101 25.0178694589066 0,55.1023131523309 25.0178948824396 0,55.1012530268185 25.017920313733 0,55.1001929009349 25.0179457374645 0,55.0991327746806 25.0179711536341 0,55.098072648056 25.0179965622417 0,55.1004782447638 25.0254322236725 0,55.1026003019336 25.0295394423967 0,55.1067945972299 25.0350628422069 0,55.1083746741921 25.0367448517588 0,55.1108454911776 25.039374937107 0,55.113156635416 25.0421059505056 0,55.1179506662578 25.0479656378814 0,55.122088100899 25.0524763133333 0,55.1271395354356 25.0584045478155 0,55.1326886887859 25.064747547381 0,55.1327018281843 25.0647370031179 0))
A16: 15 | B16: 711 | C16: Sector 7 | D16: AL AWIR FIRST | E16: 7256 | F16: 39.716135 | G16: =E16/F16 -> 182.69653 | H16: =VLOOKUP(A16,ref!$A$2:$C$220,2,0) -> POLYGON Z ((55.6330289525214 25.192552951307 0,55.6113215870037 25.1887769189418 0,55.6111921995953 25.1887561828219 0,55.6110621853717 25.1887390135022 0,55.6109316534728 25.1887254198033 0,55.610800742822 25.1887154195179 0,55.6106695427169 25.1887090215048 0,55.6105382019608 25.1887062254846 0,55.6104068197926 25.1887070493255 0,55.6102755350739 25.1887114837403 0,55.6101444469825 25.1887195195167 0,55.6100136943801 25.1887311473683 0,55.6098833863862 25.1887463670921 0,55.6097536420209 25.1887651694399 0,55.6096245802434 25.1887875180822 0,55.6094963101535 25.1888134037901 0,55.6093689705936 25.1888428082522 0,55.6092426606821 25.1888756951775 0,55.6091174994 25.1889120372652 0,55.608993595808 25.1889518072335 0,55.6088710787479 25.1889949506825 0,55.6087500374597 25.1890414493952 0,55.6086306107279 25.189091257981 0,55.6085128777912 25.1891443221334 0,55.6083969675144 25.1892005964808 0,55.6082829690586 25.1892600266988 0,55.6081710013689 25.1893225674349 0,55.6080611634682 25.189388137265 0,55.6079535446208 25.1894567270011 0,55.6078482636324 25.1895282281012 0,55.607745389846 25.1896025953058 0,55.6076450321882 25.189679738146 0,55.6075472897868 25.1897596203344 0,55.607452241787 25.1898421424305 0,55.6074310434202 25.189861238088 0,55.6064428915556 25.1908805553453 0,55.6062413930557 25.1912327525613 0,55.6061981275972 25.1913044540242 0,55.6061514352345 25.1913743473303 0,55.6061013950315 25.1914422969228 0,55.6060481058958 25.1915081672085 0,55.6059916766966 25.1915718406299 0,55.6059322162642 25.1916331815752 0,55.605892754389 25.1916710420639 0,55.6027452533717 25.1946066692418 0,55.596001271698 25.1936722617802 0,55.5946128357428 25.1935459387819 0,55.5930242849595 25.1934557288976 0,55.5919255356891 25.1934263202859 0,55.58873073012 25.1934251722891 0,55.5876320298386 25.1933853955646 0,55.5866047283526 25.1932706530636 0,55.5843354540506 25.1927758498518 0,55.5834498302909 25.1924826843019 0,55.5820472264179 25.1918892814941 0,55.581137268578 25.1914249331664 0,55.5792678350672 25.1904606444145 0,55.5780460320992 25.1898894344751 0,55.5761337773606 25.1889752142184 0,55.5751807494412 25.1884569890548 0,55.5744393660913 25.1880105131727 0,55.5698232298469 25.1850126089062 0,55.5662269674108 25.1827817679322 0,55.5630042679503 25.1809475645839 0,55.5584370723442 25.1782710706721 0,55.5583910700128 25.1782427680876 0,55.5582963799657 25.1781877557476 0,55.5581996223384 25.1781358247691 0,55.5581009063636 25.1780870381728 0,55.5580003611138 25.1780414589495 0,55.5578981057077 25.1779991320508 0,55.5577942791365 25.1779601204532 0,55.5576890005011 25.1779244600815 0,55.5575823988715 25.1778922139279 0,55.5574746131878 25.1778634178881 0,55.557365782373 25.1778380988307 0,55.5572560354462 25.1778162926674 0,55.5571455113298 25.1777980262678 0,55.5570343390257 25.1777833265167 0,55.5569226772629 25.1777722022003 0,55.5568106451226 25.1777646802194 0,55.5566983913971 25.1777607603486 0,55.5565860648948 25.1777604513903 0,55.5564737846309 25.1777637441376 0,55.5563617093505 25.1777706564059 0,55.5562499679397 25.1777811518928 0,55.5561387092072 25.1777952394021 0,55.5560280620725 25.1778129006867 0,55.5559181653259 25.1778340904031 0,55.5558091677606 25.1778588083293 0,55.5557713262263 25.1778664209919 0,55.5556516974202 25.1778929241155 0,55.5555330570062 25.1779229282199 0,55.5554155437751 25.1779563879631 0,55.5552992767108 25.1779932760878 0,55.5551843747648 25.1780335472824 0,55.555070966842 25.1780771742753 0,55.5549591520384 25.1781241027583 0,55.5548490592275 25.1781742874059 0,55.5547407974102 25.1782276648683 0,55.5546344855576 25.1782841988628 0,55.5545302326557 25.1783438170128 0,55.5544281477078 25.1784064559692 0,55.5536645084798 25.1789078652737 0,55.5536337420293 25.1789278522026 0,55.5535327772013 25.1789905340102 0,55.553429634339 25.1790502129241 0,55.5533244125195 25.1791068165748 0,55.5532172207408 25.1791602725782 0,55.553108187891 25.1792105356025 0,55.5529974130977 25.1792575603605 0,55.5528850252017 25.1793012744394 0,55.5527711333008 25.1793416596194 0,55.5526558563329 25.1793786525301 0,55.5525393331253 25.1794122168539 0,55.5524216628572 25.1794423343866 0,55.5523029843246 25.1794689507566 0,55.5521834165481 25.1794920477312 0,55.5520630884687 25.1795116070632 0,55.5519421289956 25.1795275924513 0,55.5518206671028 25.1795400037036 0,55.5506313164154 25.1796320089657 0,55.5472468850315 25.1792581123535 0,55.5471078719119 25.1792409358212 0,55.5469694478136 25.179220183528 0,55.5468317219185 25.1791958823997 0,55.5466948133125 25.179168050321 0,55.5465588212251 25.1791366961781 0,55.5464238548529 25.1791018559253 0,55.5462900233921 25.179063565517 0,55.5461574360067 25.1790218428535 0,55.5461042721269 25.1790040183155 0,55.5453011500045 25.1787301564509 0,55.5452810290185 25.1787228371088 0,55.5451714267837 25.1786806834393 0,55.5450634260048 25.1786352324604 0,55.5449571557296 25.1785865291272 0,55.5448527350847 25.1785346184093 0,55.5447502634182 25.1784795814135 0,55.5446498697757 25.1784214630955 0,55.5445516633773 25.1783603174671 0,55.54445575352 25.178296243676 0,55.5443622394868 25.1782292867211 0,55.5411912902038 25.1758798437014 0,55.5361287334477 25.1726136558904 0,55.5358990802395 25.1724569145348 0,55.5356718433012 25.1722973078807 0,55.5354470425086 25.1721348539661 0,55.5352247374602 25.1719695978571 0,55.5350049579352 25.1718015485512 0,55.5347877536257 25.1716307601552 0,55.5345731741633 25.1714572506674 0,55.5343960061488 25.1713102933146 0,55.5334931750103 25.1706330839338 0,55.5334651898661 25.1706136409943 0,55.5333052480568 25.1705051782377 0,55.5331429702685 25.170399634256 0,55.5329784160717 25.1702970450705 0,55.5328116549703 25.1701974557161 0,55.5326427465478 25.1701009112415 0,55.5324717701967 25.1700074386144 0,55.5322987656601 25.1699170829106 0,55.5321238420876 25.1698298710583 0,55.5319470392064 25.1697458391066 0,55.5300967547153 25.1689629943502 0,55.5272824120373 25.1676433778174 0,55.5238697850595 25.1658411868037 0,55.5218502808355 25.1646711145788 0,55.5218483746629 25.1646700066544 0,55.5216924885763 25.1645813408263 0,55.5215345343515 25.1644957557527 0,55.5213745914025 25.1644132964625 0,55.5212127292236 25.1643340079974 0,55.5210490172394 25.1642578902632 0,55.5208835448361 25.164185024386 0,55.5207163814509 25.1641154192993 0,55.5205476064807 25.1640491110062 0,55.5203772993355 25.1639861445373 0,55.5202055393698 25.1639265288144 0,55.5200324059787 25.1638702998415 0,55.5198579686241 25.1638174846082 0,55.5196823364433 25.1637681100545 0,55.5195055590455 25.1637221941682 0,55.5193277554863 25.1636797638777 0,55.5191489753601 25.1636408281443 0,55.5189693079783 25.1636054229617 0,55.5187888525162 25.1635735482025 0,55.5186076784191 25.1635452218315 0,55.5184258749835 25.1635204708164 0,55.5182435215325 25.1634992860286 0,55.5180607172809 25.1634816944242 0,55.517877531646 25.163467695915 0,55.5176940638153 25.1634572994035 0,55.5175103931247 25.16345050479 0,55.5147481169047 25.1634578148801 0,55.5147325341584 25.1634578339725 0,55.5146241263426 25.1634558814556 0,55.5145158719388 25.1634503448526 0,55.5144079097693 25.1634411878849 0,55.5143331966112 25.163432342259 0,55.5141299680681 25.1634001556437 0,55.5139297063824 25.1633551554589 0,55.5137333839665 25.1632975391311 0,55.5135419535356 25.163227603415 0,55.5133563480131 25.1631456812032 0,55.5131774706638 25.1630521776462 0,55.5130062049717 25.1629475430584 0,55.5113345203933 25.1618473434719 0,55.5104047840214 25.1623973695143 0,55.5096019227953 25.162795535714 0,55.509445294154 25.1628589038505 0,55.5090537218712 25.1630173460362 0,55.5088187780132 25.1631124108516 0,55.5086898958958 25.1631576998201 0,55.5085709326636 25.1632029769374 0,55.5085015255844 25.1632211135761 0,55.5083825622203 25.1632663905424 0,55.5082536797779 25.163311679132 0,55.5081347033661 25.1633479286606 0,55.5080058078746 25.1633841807687 0,55.5078868313309 25.1634204391257 0,55.5077579357015 25.1634567000457 0,55.5076290399953 25.1634929608537 0,55.5075001442121 25.1635292215497 0,55.5074406557964 25.1635473460238 0,55.5073117598994 25.1635836065561 0,55.5071828639256 25.1636198669765 0,55.507053955087 25.1636471000458 0,55.5069250461904 25.163674333003 0,55.5067961500049 25.1637105930873 0,55.5066771600083 25.1637378142079 0,55.5065581572069 25.1637560079938 0,55.5064193290541 25.1637832521162 0,55.5063499213223 25.1638013877483 0,55.506230918409 25.1638195812716 0,55.5060920901096 25.1638468250876 0,55.5059730871127 25.163865018404 0,55.5058441777413 25.1638922504218 0,55.5057152556226 25.1639104550882 0,55.5055863235458 25.163928659654 0,55.5054574112555 25.1639468550573 0,55.5053086509436 25.1639650914586 0,55.5052392302871 25.1639741993314 0,55.5051202143901 25.1639833647237 0,55.5049813730166 25.1640015802603 0,55.5048623570725 25.1640107454454 0,55.5047235030117 25.1640199335007 0,55.5045945805862 25.1640381371925 0,55.5044656455242 25.1640473135323 0,55.5043466294945 25.1640564783033 0,55.5042077627617 25.1640566386353 0,55.5039498925167 25.1640749905295 0,55.5029183608018 25.1641122846563 0,55.5018868408222 25.1641585988404 0,55.5008553200309 25.1642049148688 0,55.499813879321 25.1642512168135 0,55.4987823568663 25.1642975093796 0,55.4977508335889 25.1643437947627 0,55.496719309489 25.1643900729626 0,55.4955098862128 25.1644444016915 0,55.4966808596935 25.1653108954771 0,55.4976640297547 25.1661854511495 0,55.4985078694021 25.1667080927936 0,55.4993417846935 25.1672217134393 0,55.5001757069557 25.1677353293163 0,55.5010195555819 25.1682489291889 0,55.501853491827 25.1687625354714 0,55.5027469643694 25.1692850961188 0,55.5036305249904 25.1698076627087 0,55.5045240126841 25.1703302124773 0,55.5054175079744 25.170852756776 0,55.5063010912181 25.1713753071957 0,55.507125215055 25.1719340310711 0,55.5079592532645 25.1724837113455 0,55.5087833791631 25.1730333985979 0,55.5096075254207 25.1735921084069 0,55.5104316661352 25.1741417863195 0,55.5112657341365 25.1746914476373 0,55.512189352638 25.1754215407623 0,55.5131129821336 25.1761516279911 0,55.5140366093137 25.1768726821036 0,55.5149594959691 25.1776021446262 0,55.5149602607298 25.1776027575396 0,55.5157250083142 25.1781976145059 0,55.5164798232369 25.1787924797324 0,55.5172445756871 25.1793873286801 0,55.5179994152208 25.1799821859653 0,55.5187641824578 25.1805770268808 0,55.5195190366832 25.1811718762356 0,55.5202739120031 25.1817757488606 0,55.5210387014683 25.1823705867773 0,55.521793577751 25.1829654152313 0,55.5225583819911 25.1835602360855 0,55.5233132729812 25.1841550656332 0,55.5240780920107 25.1847498784508 0,55.5248329976952 25.1853447000638 0,55.5255978456822 25.1859485320461 0,55.5263527661178 25.1865433457219 0,55.5271176247062 25.1871381424484 0,55.527872549917 25.1877329481999 0,55.5287764370479 25.1884087982706 0,55.529670413076 25.1890846558635 0,55.5305643989573 25.1897605079334 0,55.5314683012614 25.1904273139992 0,55.5323623068374 25.1911031549625 0,55.5331272130936 25.1916979199193 0,55.5339020480922 25.192292667377 0,55.5346669543984 25.1928783969961 0,55.5354418043254 25.193473136202 0,55.5362067253515 25.1940588576747 0,55.5369716786185 25.1946536022721 0,55.5377465410079 25.1952483201098 0,55.5385114940566 25.1958340383992 0,55.5400513543865 25.1970234853028 0,55.5409257702888 25.1977986000357 0,55.5418101136364 25.1985646682712 0,55.5426845615961 25.1993397722897 0,55.5435689425747 25.2001148568829 0,55.5442548011914 25.2008360470929 0,55.5449307458633 25.20155726625 0,55.5456166362699 25.2022874860984 0,55.5463025191635 25.2030086754703 0,55.5469884101472 25.203729861538 0,55.5476745147147 25.2045683974791 0,55.5483606128446 25.2053979029141 0,55.5490467202933 25.2062274050115 0,55.5497328530222 25.2070659309341 0,55.5504289017366 25.2078954117864 0,55.5511150632495 25.2087339309667 0,55.5516921450626 25.2096177438571 0,55.5522692451675 25.2105015543191 0,55.5528463374483 25.2113763352111 0,55.5534234542497 25.2122601408462 0,55.5539906564233 25.2131439588767 0,55.5544486314889 25.2139828021008 0,55.5548966897358 25.2148216586402 0,55.5553546773646 25.2156604987826 0,55.55580274804 25.2164993523017 0,55.5562508413456 25.2173472314724 0,55.5567088478226 25.2181860670052 0,55.5571272327841 25.2190610696561 0,55.5575456237733 25.2199360709783 0,55.5579640207905 25.2208110709716 0,55.5583824238362 25.2216860696358 0,55.5588107566698 25.2225610518328 0,55.5592291718443 25.2234360478099 0,55.5596475930484 25.2243110424576 0,55.5600660302065 25.2251860357604 0,55.5604844535471 25.226061027764 0,55.5605005144073 25.2260950806041 0,55.5608929519307 25.2269270065713 0,55.5613014828966 25.2278020112232 0,55.5617099999041 25.2286770146321 0,55.5621185158349 25.2295429896238 0,55.5625270545342 25.2304179994981 0,55.5629355821208 25.2312839538914 0,55.5633441325722 25.2321589612188 0,55.5637526718839 25.2330249311219 0,55.564161234072 25.2338999268746 0,55.5645676297639 25.2347702757719 0,55.5652429729861 25.2345149767748 0,55.5737898930379 25.2312661304757 0,55.5740550356321 25.2311653259413 0,55.6181879791622 25.2143766637935 0,55.6293374121814 25.2101300487571 0,55.6330289525214 25.192552951307 0))
A17: 16 | B17: 991 | C17: Sector 9 | D17: HEFAIR | E17: 14 | F17: 143.5665 | G17: =E17/F17 -> 0.097515784 | H17: =VLOOKUP(A17,ref!$A$2:$C$220,2,0) -> POLYGON Z ((55.2424613811364 24.7437907369725 0,55.2626551077934 24.7493523924739 0,55.2905158273226 24.7570203687378 0,55.2934789456277 24.7578355442496 0,55.2934820283837 24.7481773854075 0,55.293487753345 24.730213512875 0,55.3037203807371 24.7176441209039 0,55.3076766014281 24.7058414977983 0,55.3238502678699 24.6260042413207 0,55.3238503963102 24.6260035822898 0,55.2817530170521 24.6374876814798 0,55.2266585245104 24.6525031942441 0,55.2023694449507 24.6591172275006 0,55.1765105601918 24.6876833318536 0,55.1490335246432 24.7180174029729 0,55.2028350533995 24.7328676874931 0,55.2424613811364 24.7437907369725 0))
A18: 17 | B18: 392 | C18: Sector 3 | D18: MARSA DUBAI | E18: 78843 | F18: 8.8951646 | G18: =E18/F18 -> 8863.5797 | H18: =VLOOKUP(A18,ref!$A$2:$C$220,2,0) -> #N/A
A19: 18 | B19: 981 | C19: Sector 9 | D19: MUGATRAH | E19: 352 | F19: 139.91256 | G19: =E19/F19 -> 2.5158571 | H19: =VLOOKUP(A19,ref!$A$2:$C$220,2,0) -> POLYGON Z ((55.1955870530043 24.8618272128865 0,55.2293253310308 24.8426432089138 0,55.2416140017007 24.8358381656694 0,55.2503881247238 24.8178904164968 0,55.2507355769353 24.8179817433559 0,55.2516897529281 24.8183343563583 0,55.2535253725371 24.8190041277043 0,55.2539719773441 24.8191648957965 0,55.2548594140846 24.8194859825904 0,55.2557369880722 24.819815915163 0,55.2561168504649 24.8199451626361 0,55.256924261477 24.8202411710628 0,55.2583052379132 24.8179266640154 0,55.259712598388 24.8156183403675 0,55.2616810440388 24.8128593929671 0,55.2647016143387 24.8086344623193 0,55.2670437240045 24.8053764882431 0,55.2742791139604 24.7990513879472 0,55.2969724036615 24.7766544738183 0,55.3080834204044 24.7656843436065 0,55.3108705847494 24.7626186697366 0,55.2969389786775 24.7587873378245 0,55.2934789456277 24.7578355442496 0,55.2424613811372 24.743790735844 0,55.2028350533995 24.7328676874931 0,55.161469351079 24.7849497409828 0,55.1288292362499 24.8260065743443 0,55.1295790761242 24.8264904510465 0,55.1300698102007 24.8268044055841 0,55.1308899951246 24.8273291221433 0,55.1314318182038 24.8276860136912 0,55.1323498277514 24.8282783811382 0,55.1325204790748 24.828387556132 0,55.1329402206437 24.8286593460497 0,55.1334895872306 24.8290138298627 0,55.1341510052499 24.8294369447333 0,55.1348200450879 24.8298722992627 0,55.1362596114231 24.830801153849 0,55.1362604613198 24.8308016876006 0,55.1366017780743 24.8310200284787 0,55.1374220184269 24.8315447092549 0,55.1382323732853 24.8320693726272 0,55.1390526133685 24.8326030720984 0,55.1391047831138 24.8326368491269 0,55.140171243866 24.8333249009127 0,55.1406832500674 24.8336523895458 0,55.1410983190367 24.8339237533024 0,55.1416221110499 24.8342584489075 0,55.1421459019145 24.8346021703215 0,55.1426597832375 24.8349458772586 0,55.1431835699795 24.835289595027 0,55.1437073497276 24.8356333109491 0,55.1442212594219 24.8359770125472 0,55.1447351620671 24.8363207123671 0,55.1452589467095 24.8366734504974 0,55.1457728551068 24.8370171467517 0,55.1462867527821 24.8373698688686 0,55.1468006533752 24.8377225892191 0,55.1473145568863 24.8380753078032 0,55.1478284633154 24.8384280246209 0,55.1483324796991 24.8387807274277 0,55.1488463919225 24.8391334497736 0,55.1493602937466 24.8394951799249 0,55.1498643054997 24.8398569051933 0,55.1503683334586 24.8402096011345 0,55.1508723510439 24.8405713230025 0,55.1513862646994 24.840933055214 0,55.1518902881823 24.8412947736481 0,55.1523943014741 24.841665518008 0,55.1528884376381 24.8420272210965 0,55.1533924699314 24.8423889344617 0,55.1538964921421 24.8427596737518 0,55.1543906240476 24.8431303994955 0,55.154894652243 24.8435011354162 0,55.1553887900737 24.843871857856 0,55.1558829308523 24.84424257866 0,55.1563770745788 24.8446132978282 0,55.1568712212532 24.8449840153604 0,55.1573653581087 24.8453637588809 0,55.1578595107147 24.8457344731408 0,55.1583536535731 24.8461142133884 0,55.1588379058687 24.8464939404469 0,55.1593320448419 24.846873677442 0,55.1598163129786 24.8472534013355 0,55.1603104678539 24.8476331351008 0,55.1607947195252 24.8480218834285 0,55.1612789867097 24.8484016025605 0,55.1617632047783 24.8487903838071 0,55.1622475175402 24.8491700637283 0,55.1627317812562 24.8495588057634 0,55.1632061541418 24.8499475349604 0,55.1636904238841 24.8503362738804 0,55.1641648027339 24.8507250000253 0,55.1646490662612 24.8511227634506 0,55.1651234610037 24.851511486554 0,55.1655978267516 24.8519092357446 0,55.1660722076737 24.852297955804 0,55.1665465992459 24.8526957019943 0,55.1670209839593 24.8530934466622 0,55.1674854775649 24.8534911788358 0,55.1679598683173 24.8538889205116 0,55.1684342621051 24.8542866606757 0,55.1688987527545 24.854693416057 0,55.1693632583444 24.8550911423694 0,55.169827755038 24.8554978948496 0,55.1702922666054 24.8558956182614 0,55.1707567693436 24.8563023678404 0,55.1712212751208 24.8567091159684 0,55.1716857839372 24.8571158626454 0,55.1721502957929 24.8575226078713 0,55.1726049045327 24.8579383595893 0,55.1730595279242 24.8583451003553 0,55.1735240372645 24.8587608689041 0,55.1739786666816 24.8591675978306 0,55.1744332875369 24.8595833529813 0,55.1748879114323 24.8599991067404 0,55.1753425383678 24.8604148591078 0,55.1757872736122 24.8608305996477 0,55.1762419065948 24.8612463492614 0,55.1766866478199 24.8616620871068 0,55.177141275509 24.8620868615798 0,55.1775860227471 24.86250259673 0,55.1780307616824 24.8629273581599 0,55.1784755036558 24.8633521182562 0,55.1789202486674 24.8637768770189 0,55.1793649967173 24.8642016344478 0,55.1798097478056 24.8646263905428 0,55.1802446068631 24.8650511351619 0,55.1806893639832 24.865475897646 0,55.1811242179733 24.8659096582669 0,55.1815590860078 24.8663343990287 0,55.1819939460222 24.8667681661238 0,55.18242880907 24.8672019319419 0,55.1828636860796 24.867626668874 0,55.1832985551633 24.8680604321383 0,55.1837235319359 24.8684941842124 0,55.1841583962177 24.8689369725586 0,55.1842677845216 24.869048618016 0,55.1955870530043 24.8618272128865 0))
A20: 19 | B20: 914 | C20: Sector 9 | D20: MADINAT HIND 4 (UMM NAHAD FOURTH PREVIOUSLY) | E20: 9892 | F20: 61.692298 | G20: =E20/F20 -> 160.34416 | H20: =VLOOKUP(A20,ref!$A$2:$C$220,2,0) -> POLYGON Z ((55.3648398563644 24.9642909307331 0,55.3634339260322 24.9640140585466 0,55.3633378193136 24.9643078696345 0,55.3631855804505 24.9647608832333 0,55.3630271919679 24.9652193866091 0,55.3628649893438 24.965676789188 0,55.3626989626261 24.966133045822 0,55.3625291414803 24.9665881294103 0,55.3623555258672 24.9670420309126 0,55.3621781157416 24.9674947142058 0,55.3619969308674 24.9679461521903 0,55.3618119910112 24.9683963267935 0,55.3616232862239 24.9688451928662 0,55.3614308362752 24.969292741363 0,55.3612346609314 24.9697389451834 0,55.361034770054 24.970183768201 0,55.3608311537059 24.970627210403 0,55.3606238514522 24.9710691995469 0,55.3604128632627 24.9715097446452 0,55.3601981990029 24.9719488185981 0,55.3599798685411 24.9723864033332 0,55.3597578916402 24.9728224356386 0,55.3595322781736 24.9732569154965 0,55.3593030479171 24.9736898338596 0,55.3590702008301 24.9741211365465 0,55.3588337665953 24.9745508235354 0,55.3585937451771 24.9749788586995 0,55.3583501563484 24.9754052059083 0,55.3581030099844 24.9758298561155 0,55.3578523258592 24.9762527731904 0,55.3575981138476 24.9766739390588 0,55.3573403937306 24.9770933446721 0,55.3570791753754 24.9775109268183 0,55.3568144785679 24.9779266945038 0,55.3565463131821 24.9783406115987 0,55.3562746989984 24.978752650999 0,55.3559996558031 24.979162812683 0,55.355721183563 24.9795710334397 0,55.3554393119702 24.9799773132456 0,55.3551540608097 24.9803816340238 0,55.35486543996 24.9807839596437 0,55.3545734593033 24.9811842720298 0,55.3542781485298 24.9815825440757 0,55.3539795076189 24.9819787577071 0,55.3536775761668 24.9823728858162 0,55.3533723640589 24.9827649103271 0,55.3530638811797 24.983154804136 0,55.3527521275113 24.983542549168 0,55.3524371723657 24.9839281092839 0,55.3521189959203 24.9843114844663 0,55.3517976278706 24.984692638581 0,55.3514730880097 24.9850715445229 0,55.3511453862295 24.9854481932428 0,55.3508145423246 24.9858225576354 0,55.3504805859953 24.9861946105941 0,55.3501435271359 24.9865643430697 0,55.3498033855422 24.9869317189293 0,55.3494601909184 24.9872967200937 0,55.3491159041499 24.9876571797357 0,55.3487686237868 24.9880152375616 0,55.3484183696343 24.9883709025762 0,55.3480651912054 24.988724120589 0,55.3477090686869 24.9890749006089 0,55.347350041691 24.9894232065014 0,55.3469881300227 24.989769020189 0,55.3466233534889 24.9901123326217 0,55.3462557318941 24.9904531076671 0,55.3458852850488 24.9907913543301 0,55.3455120327564 24.9911270093961 0,55.345136004735 24.9914600908968 0,55.3447572207926 24.9917905627 0,55.3443756908347 24.9921184067293 0,55.3439914544833 24.9924436049061 0,55.3436045216463 24.9927661481815 0,55.3432149220412 24.9930860094503 0,55.3428226655766 24.9934031706364 0,55.3424277819726 24.9937176136623 0,55.34203030095 24.9940293204505 0,55.3416302423254 24.9943382729247 0,55.3414245468702 24.9945007067913 0,55.3412213274022 24.994665704045 0,55.3410206136334 24.9948332376117 0,55.3408224352748 24.995003253335 0,55.340626851758 24.9951757512219 0,55.3404338729834 24.9953506590622 0,55.3402435583838 24.995527976863 0,55.3400559376743 24.9957076685231 0,55.3398710207586 24.9958896798872 0,55.3396888670706 24.9960739929076 0,55.3395095360443 24.996260571482 0,55.3393330177752 24.9964493795108 0,55.3391593617926 24.9966403718646 0,55.3389885978162 24.9968335214695 0,55.3388207654717 24.997028792224 0,55.3385947794409 24.9972942625612 0,55.3383708825995 24.9975612039548 0,55.3381490848579 24.9978295893313 0,55.3379293961275 24.9980994186995 0,55.3377118461312 24.9983706740129 0,55.3374964150636 24.9986433462536 0,55.3372831425537 24.9989174083473 0,55.3370720187028 24.9991928603033 0,55.336863063329 24.9994696750477 0,55.3366562863459 24.9997478525893 0,55.3364517075724 25.0000273658541 0,55.3362493171107 25.0003082058237 0,55.3360491446867 25.0005903634789 0,55.335851180403 25.0008738207738 0,55.3356554539858 25.001158550634 0,55.3354604498664 25.0014468731517 0,55.3334317827576 25.0048094967816 0,55.3321235330878 25.0076220099261 0,55.3310488512445 25.0100509823152 0,55.3303012280107 25.012266895973 0,55.3302906268992 25.0122978057965 0,55.3251733783765 25.0219314555454 0,55.3166719307886 25.0386245550137 0,55.3141746974463 25.0420735449719 0,55.3147373422555 25.0424225355855 0,55.3175567888734 25.0435383809205 0,55.3237473348344 25.0459879234328 0,55.328436700804 25.0478432783748 0,55.3349693453773 25.0504275845109 0,55.3670689915383 25.0507699732397 0,55.3895163555724 25.051005285469 0,55.3902383367895 25.0507900769151 0,55.3906215757446 25.0506216315036 0,55.3906325849794 25.0506200925967 0,55.3907003546807 25.0506105966813 0,55.3907477904559 25.0506038709847 0,55.3908249342204 25.0505928186735 0,55.3916998884705 25.0504575446844 0,55.3926812586824 25.0502918006737 0,55.3931557454497 25.0502097677972 0,55.3939912781646 25.050065234054 0,55.3945054488795 25.0499762927383 0,55.3959194268811 25.0497316836562 0,55.3968620592344 25.0495686094844 0,55.3970504189325 25.049536021086 0,55.3981652077434 25.0493459810582 0,55.3984812471844 25.0498798144417 0,55.3991816188348 25.0511049500987 0,55.3999271166551 25.0520944645926 0,55.4008838915706 25.0531213971813 0,55.4020581339726 25.0543817079028 0,55.4031353476756 25.0553958411904 0,55.4039101846447 25.0559114004076 0,55.4076823255762 25.0523737856201 0,55.4092515887863 25.0499784616324 0,55.4098842287429 25.0472533289107 0,55.4097620010605 25.0449964739812 0,55.408064044832 25.0396258582571 0,55.4070266475338 25.0365280364106 0,55.4066974257474 25.0343263273743 0,55.4066271214867 25.0321874016795 0,55.4071711636259 25.0060970023027 0,55.4069630017322 25.004236742783 0,55.4061436261242 25.0024846251022 0,55.4048807519791 25.0009663925891 0,55.4028802218347 24.9987627956206 0,55.4026388215116 24.9987868130334 0,55.4017129009639 24.9978967710946 0,55.4015848896068 24.9977535908768 0,55.4014599876778 24.9976081341972 0,55.4013382348453 24.9974604913201 0,55.4012197004589 24.997310689304 0,55.4011044043592 24.9971587913397 0,55.4009924060087 24.9970048605999 0,55.4008837549631 24.9968489602618 0,55.4007784809565 24.9966911354567 0,55.4006766236477 24.9965314674208 0,55.4005782226748 24.9963700012807 0,55.4004833275959 24.9962068092405 0,55.4003919582463 24.9960419544902 0,55.4003041641729 24.995875491179 0,55.4002199751202 24.9957074915194 0,55.4001394109172 24.9955380096735 0,55.4000625112177 24.9953671268767 0,55.3999893255658 24.9951948972772 0,55.3999198638929 24.9950213930959 0,55.3998541460352 24.994846686549 0,55.3997922017193 24.9946708227653 0,55.3997340706013 24.9944938920069 0,55.3996797427947 24.9943159574747 0,55.3996292678455 24.9941370823434 0,55.3995826655875 24.9939573388277 0,55.3995399360436 24.9937767991511 0,55.3995010990422 24.9935955265006 0,55.3994661843215 24.9934135930857 0,55.3994351919035 24.9932310711291 0,55.3994081416204 24.9930480328444 0,55.3993850334889 24.9928645414259 0,55.3993658873457 24.9926806781142 0,55.3993507032021 24.9924964970756 0,55.3993394909942 24.9923120885818 0,55.3993322507379 24.9921275158262 0,55.3993289923544 24.9919428419972 0,55.399329705964 24.991758148347 0,55.399334411398 24.9915735070866 0,55.3993430789566 24.9913889814213 0,55.399355728471 24.9912046435614 0,55.3993723401565 24.9910205747622 0,55.3993929239297 24.9908368291829 0,55.399417460011 24.9906534971057 0,55.3994459286018 24.9904706327021 0,55.3994783396334 24.9902883172132 0,55.3995146733127 24.9901066138376 0,55.3995549098561 24.9899256038287 0,55.3995990393711 24.9897453413527 0,55.3996470519753 24.9895658986306 0,55.3996989080761 24.9893873569237 0,55.399754607692 24.9892097794206 0,55.3998141211267 24.9890332293226 0,55.3998774186893 24.9888577788586 0,55.3999444904942 24.9886834912206 0,55.4000153068517 24.9885104386369 0,55.4000898281574 24.988338675285 0,55.4001680445471 24.9881683004661 0,55.4002499065029 24.9879993503069 0,55.4003354041471 24.9878318970258 0,55.4004244780728 24.9876660038358 0,55.4005171183986 24.9875017339277 0,55.4006132756287 24.987339159537 0,55.4007129101633 24.9871783348401 0,55.4008160022179 24.9870193230315 0,55.4008891598085 24.9869113752056 0,55.3973789527723 24.9852594696408 0,55.3938866432328 24.9836385912728 0,55.3896052858432 24.9806399823455 0,55.3855291004819 24.9775458104229 0,55.3824121001546 24.9748575132969 0,55.3784471253258 24.9711623630413 0,55.3755797425817 24.9686064134472 0,55.3731282555551 24.9671677143444 0,55.3692435829201 24.9655209899384 0,55.3648398563644 24.9642909307331 0))
A21: 20 | B21: 646 | C21: Sector 6 | D21: WADI AL SAFA 4 | E21: 193 | F21: 6.8544889 | G21: =E21/F21 -> 28.156731 | H21: =VLOOKUP(A21,ref!$A$2:$C$220,2,0) -> POLYGON Z ((55.3351007382698 25.0827756592245 0,55.3373847778318 25.0795479013607 0,55.3011654351545 25.0582734720443 0,55.3008744607621 25.0586130107942 0,55.300170587761 25.0594343403156 0,55.2994667053686 25.0602556844552 0,55.2987628036809 25.0610770161281 0,55.2980490015731 25.0618983420137 0,55.2973450909548 25.0627196667667 0,55.2968194991341 25.0637757444755 0,55.296283989917 25.0648227902916 0,55.2957484688325 25.0658788614161 0,55.3124959878331 25.0811017493518 0,55.3309003191174 25.0978969370743 0,55.3331092434239 25.0919397809449 0,55.3338560979798 25.0892177663997 0,55.3337806124072 25.0871355940968 0,55.3332088299345 25.0843635133281 0,55.3351007382698 25.0827756592245 0))
A22: 21 | B22: 311 | C22: Sector 3 | D22: AL SHINDAGHA | E22: 7 | F22: 0.31203968 | G22: =E22/F22 -> 22.433044 | H22: =VLOOKUP(A22,ref!$A$2:$C$220,2,0) -> POLYGON Z ((55.2922063453989 25.2699193077121 0,55.2923505805569 25.2697653254727 0,55.2919382785784 25.2694460002466 0,55.291799458302 25.2695941972103 0,55.2916888695502 25.2695058342608 0,55.2914708409081 25.2693252566674 0,55.2913651839356 25.2692304054785 0,55.2913023436302 25.2691681995597 0,55.2912313791836 25.269087115525 0,55.2911443800724 25.2689821500601 0,55.2910701556576 25.268883741912 0,55.2909985265119 25.2687736623637 0,55.2909324341113 25.2686721421088 0,55.2908798748137 25.268594240743 0,55.2908335187848 25.2685207283393 0,55.2907887212343 25.2684478031344 0,55.2907509077602 25.2683891428292 0,55.2907113392956 25.2683243254899 0,55.2906379336201 25.2681862971848 0,55.2906343623995 25.2681785959915 0,55.2905906166141 25.2680796006135 0,55.290550574315 25.2679793244392 0,55.2905142751697 25.2678778667816 0,55.2904817489079 25.2677753540322 0,55.2904530748997 25.2676719035695 0,55.2904282431674 25.2675676327458 0,55.2904073032976 25.2674626589304 0,55.2903902651668 25.2673570994807 0,55.2903771585031 25.2672510807868 0,55.29036800311 25.2671447202086 0,55.2903627989391 25.2670381260725 0,55.2903615459228 25.2669314608677 0,55.2903642638803 25.2668247968172 0,55.2903709428197 25.2667182873796 0,55.2903815628409 25.2666120318472 0,55.2903961238828 25.2665061746535 0,55.2904146159731 25.2664008150933 0,55.2905038454857 25.2659421983937 0,55.2910881082364 25.2658045762605 0,55.290992450854 25.265740022755 0,55.2907045373153 25.2655147936318 0,55.2906934217504 25.2655060972715 0,55.2905631315666 25.2654041700842 0,55.290565114801 25.2651838539113 0,55.2904952961295 25.2651838336682 0,55.2904964943197 25.2651924188405 0,55.2904743039664 25.2652287918354 0,55.2903960767484 25.2651726021443 0,55.2903365547026 25.2650823132676 0,55.2901678227357 25.2649919924742 0,55.2899693124069 25.2648926355877 0,55.2898204290682 25.2648203745357 0,55.2896417770489 25.264711995903 0,55.2895425336202 25.2646307220962 0,55.2887088689584 25.2640166258395 0,55.2886195043139 25.2640707617395 0,55.2877660039217 25.2634295726407 0,55.2869025888303 25.2627793482861 0,55.2860491064895 25.2621381491751 0,55.285185709681 25.2614879146925 0,55.2843322490171 25.2608376693849 0,55.2840145358346 25.2609639528666 0,55.2845674993675 25.2620264797231 0,55.2849340755679 25.2627516255857 0,55.2861434358545 25.2646740251263 0,55.2869126601324 25.2659244577276 0,55.2877408923216 25.267086564647 0,55.2883453000487 25.2679628261747 0,55.2888757016038 25.2687155263051 0,55.2893522049723 25.2693789479517 0,55.2904338572979 25.2706882029189 0,55.291227883683 25.2712481147458 0,55.2924785584719 25.2719255022833 0,55.2930806372293 25.2720621220626 0,55.2934542183613 25.2721050753383 0,55.2943945102079 25.2722780789074 0,55.2944622483626 25.2719655588777 0,55.2943977919447 25.2717317477992 0,55.2943478138328 25.2715808006993 0,55.2943211566425 25.2715218192999 0,55.2943015414562 25.271483990365 0,55.2942844755934 25.271452833164 0,55.2942637578739 25.2714167822802 0,55.2942387925055 25.2713762437758 0,55.2942123282791 25.2713350097793 0,55.2941869650798 25.2712968182187 0,55.294163307987 25.2712632670605 0,55.2941409604157 25.271232704232 0,55.2941195355652 25.2712039290206 0,55.2940990533245 25.271176833106 0,55.2940789977349 25.2711505226639 0,55.2940524218547 25.2711172144441 0,55.2940133803785 25.2710724925837 0,55.2940082674492 25.2710728793889 0,55.2939423808421 25.2709988392042 0,55.2939447642701 25.2709964747274 0,55.2939194063042 25.2709732952684 0,55.2938986135302 25.2709550368207 0,55.2938791606311 25.2709379522574 0,55.2938599258914 25.270921662139 0,55.2938408397957 25.2709062296369 0,55.2938225078317 25.2708919798906 0,55.293804989577 25.2708788768078 0,55.2937873420721 25.27086636948 0,55.2937689102312 25.2708540063743 0,55.2937503094816 25.2708420765241 0,55.2937323240046 25.2708309231714 0,55.2937139414587 25.2708196523569 0,55.2936929683502 25.2708066024962 0,55.2936641236124 25.2707902465808 0,55.2936173706945 25.2707693542137 0,55.2935518560188 25.2707433293559 0,55.2935107404664 25.2707274395145 0,55.2934765630452 25.2707157581865 0,55.2934339876464 25.270701357409 0,55.2933794808179 25.2706817356981 0,55.2933141842418 25.2706569565402 0,55.2932436371786 25.2706283393891 0,55.2931735082333 25.270596319083 0,55.2930952113001 25.2705567137119 0,55.2930163988616 25.2705150319141 0,55.2929491209119 25.2704781376192 0,55.2928824099514 25.2704380207567 0,55.2928098840554 25.2703898771321 0,55.2927067982869 25.2703191752451 0,55.2922063453989 25.2699193077121 0))
A23: 22 | B23: 394 | C23: Sector 3 | D23: AL THANYAH FOURTH | E23: 36908 | F23: 11.0788 | G23: =E23/F23 -> 3331.4078 | H23: =VLOOKUP(A23,ref!$A$2:$C$220,2,0) -> POLYGON Z ((55.1982287059474 25.064081427715 0,55.1760417180966 25.0391455246461 0,55.1734712112276 25.0410433488571 0,55.1734605288427 25.0410512363451 0,55.1695571423894 25.0439326853097 0,55.1713755471365 25.0458090832754 0,55.1714844086994 25.0459937671204 0,55.1715862205608 25.046181747236 0,55.171680864054 25.0463728158768 0,55.1717682304546 25.0465667382256 0,55.1718482110243 25.0467632884917 0,55.1719207168534 25.0469622318777 0,55.1719856491325 25.0471633245472 0,55.1720429486535 25.0473663497878 0,55.1720925265484 25.0475710366897 0,55.1721343434251 25.0477771685601 0,55.1721683401185 25.0479844925738 0,55.1721944871913 25.048192755937 0,55.1722048756528 25.0483117212314 0,55.172212735374 25.0484017148603 0,55.1722198889388 25.0485467567943 0,55.1722230651377 25.0486111165582 0,55.1722254767489 25.0488207263199 0,55.1722199606112 25.0490302733135 0,55.1722065268656 25.0492395499187 0,55.1721851857591 25.0494482672678 0,55.1721559672884 25.0496561906773 0,55.1721189014744 25.0498630674081 0,55.1720740381349 25.050068662796 0,55.1720338378334 25.0502245854687 0,55.1720214271007 25.0502727331483 0,55.1719573377998 25.0504862156073 0,55.1719132567364 25.0506162163697 0,55.1718932207497 25.0506753150072 0,55.17186000739 25.0507624925712 0,55.1718177647298 25.0508733481935 0,55.1717730217002 25.0509789200564 0,55.1717348891708 25.0510688907303 0,55.1716808771614 25.0511843194204 0,55.1716446537867 25.0512617260127 0,55.1715968447883 25.0513548547292 0,55.1715537649513 25.0514387806376 0,55.1715045739759 25.0515276739687 0,55.1714283558321 25.0516637510959 0,55.1709272923226 25.0520350424447 0,55.1668805126022 25.0550336414821 0,55.1654032439171 25.0555741724974 0,55.1628017977506 25.0576561642446 0,55.1623661048518 25.0580048605791 0,55.1622916437331 25.0580644458459 0,55.1570904279299 25.0622266937389 0,55.1567399448987 25.0625071461145 0,55.1561638962783 25.0629680928601 0,55.1561043325044 25.0630157585427 0,55.1557085492839 25.0633324624626 0,55.1556340817307 25.0633920443135 0,55.1556117364952 25.0634099188554 0,55.154893331471 25.0639847690535 0,55.1541399922436 25.0645875584036 0,55.1540946063133 25.0646238658824 0,55.1540844356626 25.0646319962952 0,55.1540729949013 25.0646411542944 0,55.1539064637135 25.0647744228593 0,55.1536603128815 25.0649713732964 0,55.1535113935655 25.0650905348814 0,55.1532897902326 25.0652678437739 0,55.1529872862194 25.0655098796429 0,55.1528504316873 25.0656193778622 0,55.1525729611271 25.0658414025318 0,55.152378027637 25.065997365686 0,55.1522851202308 25.0660717101806 0,55.1520954352028 25.0662234726009 0,55.1520874075949 25.0662299083442 0,55.1518902600796 25.0663876375064 0,55.1517562316108 25.0664948813067 0,55.1516222029221 25.0666021159558 0,55.1514881739869 25.0667093595085 0,55.1513541448319 25.0668165939099 0,55.1512201055324 25.0669238281754 0,55.1510860758977 25.0670310713564 0,55.1509520361185 25.0671383144015 0,55.1508180060173 25.0672455573348 0,55.1506839756962 25.067352791117 0,55.1505499352174 25.0674600337904 0,55.1504686455486 25.0675250571274 0,55.1504415654741 25.0675467436197 0,55.15041590443 25.0675672673248 0,55.150281873396 25.0676745097627 0,55.1501478322175 25.0677817520645 0,55.1499852519052 25.0679118253242 0,55.1497946184973 25.0680643508975 0,55.149775258449 25.068079826953 0,55.149769860256 25.0680841443878 0,55.1496471901201 25.0681823007001 0,55.1495395534334 25.0682684149577 0,55.1492809151416 25.0684753538707 0,55.1491468722214 25.0685825952474 0,55.1490128389929 25.0686898274851 0,55.1488788055041 25.0687970776536 0,55.1487447619248 25.0689042915765 0,55.1486107180581 25.0690115414849 0,55.1484766937946 25.0691187822667 0,55.1483426494886 25.0692260138726 0,55.1482086148471 25.0693332543943 0,55.1480745799861 25.0694404857648 0,55.1479405349668 25.0695477260263 0,55.1478064996258 25.0696549661763 0,55.1476724640651 25.0697621971751 0,55.1475384183461 25.0698694370649 0,55.1474043823053 25.0699766768432 0,55.1472703460449 25.0700839074702 0,55.1471363095513 25.0701911379734 0,55.1470022628994 25.0702983773675 0,55.1466482706397 25.0705815814381 0,55.1466478141632 25.0705819419586 0,55.1466474469861 25.0705822393999 0,55.146618232035 25.0706056106122 0,55.1466168526662 25.0706067102157 0,55.146434864286 25.0707523092401 0,55.14733863947 25.0716633211894 0,55.1486987402895 25.0731241656274 0,55.1498889482743 25.0743364268882 0,55.1508414687825 25.0750826921252 0,55.1534966021764 25.0760483484132 0,55.1570711779386 25.0771392322936 0,55.1583327090296 25.0776382678795 0,55.1584945228649 25.077499437252 0,55.1595088343374 25.0780763844728 0,55.1606607941728 25.0770290388124 0,55.1621178453761 25.0756958598133 0,55.162693496282 25.075262992635 0,55.1633929601565 25.0751404180956 0,55.1640922912419 25.0751206617687 0,55.1647914152051 25.0752448251648 0,55.165377706914 25.0754099953413 0,55.1659641300654 25.0754723416853 0,55.166640875376 25.075473103197 0,55.168896704196 25.0754550730174 0,55.1699793271052 25.0755796273112 0,55.1706333135015 25.0757242869022 0,55.1718285496439 25.0759929104939 0,55.1727081367298 25.0761378062456 0,55.1732044188107 25.0761383424542 0,55.1738812380228 25.0760773690111 0,55.1744000529501 25.0760984987896 0,55.1749863783724 25.0762430667604 0,55.1757754692248 25.0765934731031 0,55.1766998348784 25.0770057020449 0,55.1772633828685 25.0773352979632 0,55.1779167742459 25.077973432809 0,55.1782318427392 25.0785700738989 0,55.1785706647821 25.0794183677504 0,55.1791855748883 25.0792013489238 0,55.180915414364 25.0778903851921 0,55.1839158155099 25.0755609087688 0,55.1876454072357 25.0722196410505 0,55.1930816923441 25.0679780101269 0,55.193090332552 25.0679714734382 0,55.1982125239698 25.064097030368 0,55.1982287059474 25.064081427715 0))
A24: 23 | B24: 616 | C24: Sector 6 | D24: NADD AL SHIBA THIRD | E24: 1392 | F24: 6.3204202 | G24: =E24/F24 -> 220.23852 | H24: =VLOOKUP(A24,ref!$A$2:$C$220,2,0) -> POLYGON Z ((55.3718980364486 25.1670570029675 0,55.3726022689074 25.1669304359901 0,55.3732965776489 25.1667948410655 0,55.3739908818569 25.1666502156092 0,55.3746752620866 25.1664965623914 0,55.3753695598755 25.1663429031927 0,55.3760539335078 25.1661802163245 0,55.3767382989255 25.1659994627136 0,55.3774226556538 25.1658277512704 0,55.3780078512736 25.1656650848663 0,55.3784442473471 25.165556625221 0,55.3790591747121 25.1653849183193 0,55.379674100351 25.165213208862 0,55.3802890208071 25.1650324695731 0,55.3808940167877 25.1648427036389 0,55.3819353922893 25.1644993289038 0,55.3829767619475 25.164155946837 0,55.3840082066889 25.1638125608338 0,55.3850495646874 25.163469164174 0,55.385535524886 25.1632974753392 0,55.3860214837213 25.1631257849076 0,55.3865074372791 25.1629450656015 0,55.3869834664652 25.1627553210148 0,55.3874594901917 25.1625565476172 0,55.3879355123687 25.1623577636592 0,55.3882330203998 25.1622222534782 0,55.3891948988948 25.1616531750608 0,55.3901468496046 25.1610840941727 0,55.3911087102782 25.1605150032664 0,55.3907313521081 25.1595672853812 0,55.3903639184349 25.1586195625831 0,55.3899865760468 25.1576808698206 0,55.3896092353097 25.1567331577099 0,55.389221981985 25.1557854301953 0,55.3888446570919 25.1548467341337 0,55.3884574296325 25.1539080406702 0,55.3880801024424 25.1529603151169 0,55.3876829587744 25.1520216230389 0,55.3872957392386 25.1510829261537 0,55.3869085256397 25.1501442281275 0,55.3865113961736 25.1491965052267 0,55.386124198435 25.1482668321871 0,55.3857270849799 25.1473281342204 0,55.3853200599473 25.1463894385414 0,55.384922958741 25.1454507381615 0,55.3845258636207 25.1445120365886 0,55.3841188608877 25.1435823735519 0,55.3837118606186 25.1426436639132 0,55.3833048702643 25.1417139893593 0,55.3828978824407 25.1407752862558 0,55.382480987331 25.1398456125025 0,55.3819747555838 25.1386902840821 0,55.3810526074427 25.1390426489944 0,55.380130457441 25.1394040354658 0,55.3792083020023 25.139765416188 0,55.3782960549797 25.1401177608448 0,55.3773738887644 25.1404791301299 0,55.3764517171123 25.1408404936649 0,55.3755295369208 25.141192824144 0,55.3746172816559 25.1415541734126 0,55.3736950908265 25.1419065014803 0,55.372772897591 25.1422678330477 0,55.3718506989223 25.1426291678909 0,55.3709383995264 25.1429814671639 0,55.3700161900831 25.1433427905655 0,55.3692228967677 25.1436860224305 0,55.3683403854983 25.1441827353055 0,55.3675074748317 25.1447516498849 0,55.3667539192065 25.1454017875816 0,55.3660797135734 25.1461150949838 0,55.3654253373942 25.1468735314623 0,55.3647809029631 25.1476409901679 0,55.3641265106255 25.1483994207683 0,55.3634820380099 25.1491578463873 0,55.3628375596007 25.1499252964282 0,55.362183152995 25.1506837182295 0,55.3615386563772 25.1514421351806 0,55.3616974040151 25.1516948691203 0,55.3618264063457 25.1519837268107 0,55.3619355750992 25.1522815974481 0,55.3619752898186 25.15246213565 0,55.3621738736607 25.1534009356013 0,55.3623724584126 25.1543307078736 0,55.3625710461818 25.1552604797603 0,55.3627696391346 25.1561992785499 0,55.3629682230352 25.1571290496658 0,55.3631668297908 25.158058820392 0,55.3634249882661 25.1591781516405 0,55.3636831536979 25.1603065095491 0,55.3639512405205 25.1614258374983 0,55.3642192867765 25.1623646101417 0,55.3644972561827 25.1633033981441 0,55.3647653130537 25.1642512058591 0,55.3650432909295 25.1651899835618 0,55.3653113538067 25.1661287627622 0,55.3655893401351 25.1670675391932 0,55.3658574137082 25.1680153444327 0,55.3666211694716 25.1678707382748 0,55.3677717721005 25.167698956866 0,55.3689124521187 25.1675271688982 0,55.3700630482906 25.1673553696804 0,55.3712037218788 25.1671835640575 0,55.3718980364486 25.1670570029675 0))
A25: 24 | B25: 116 | C25: Sector 1 | D25: AYAL NASIR | E25: 21870 | F25: 0.17310008 | G25: =E25/F25 -> 126343.1 | H25: =VLOOKUP(A25,ref!$A$2:$C$220,2,0) -> POLYGON Z ((55.3062877239102 25.2740320026456 0,55.3065062673071 25.2734543052035 0,55.3048187064463 25.2726234913389 0,55.3045209112703 25.2724880263001 0,55.3034488106579 25.2719913200135 0,55.3023767287072 25.2714946059162 0,55.3023766989383 25.2716119588368 0,55.3022573949888 25.2722799426985 0,55.3020983248691 25.2731555423586 0,55.3019690550725 25.2739589309159 0,55.3018497372655 25.2746630228071 0,55.3015517682508 25.275150424723 0,55.3022764305128 25.2755026375945 0,55.3035371341155 25.2761979875179 0,55.3048077803455 25.2768933285386 0,55.3053142848656 25.2761802903596 0,55.3056519826616 25.2755664993287 0,55.3059698147982 25.2749797942499 0,55.3062877239102 25.2740320026456 0))
A26: 25 | B26: 811 | C26: Sector 8 | D26: WARSAN THIRD | E26: 18602 | F26: 10.441917 | G26: =E26/F26 -> 1781.4737 | H26: =VLOOKUP(A26,ref!$A$2:$C$220,2,0) -> POLYGON Z ((55.4920768561212 25.1645449667514 0,55.4936346395424 25.1645198174528 0,55.4955098862128 25.1644444016915 0,55.4893826510567 25.1581481159551 0,55.4668568143059 25.1401957733069 0,55.4655578612801 25.1402283171169 0,55.4374134446732 25.1400279855835 0,55.4307858070857 25.141826939847 0,55.4312813631775 25.1421861342491 0,55.4312856365314 25.142184867602 0,55.432267476 25.1429170963716 0,55.4330414930489 25.1434852971662 0,55.4338254347228 25.1440534871239 0,55.4345994735869 25.1446307069368 0,55.4353735122212 25.1451988953486 0,55.4361574831817 25.1457761000542 0,55.4369315362414 25.1463442801917 0,55.4377056041398 25.1469214835042 0,55.4384895893204 25.1474896483779 0,55.4392636717602 25.1480668434123 0,55.440037753627 25.1486350070493 0,55.4408217684413 25.1492121866595 0,55.4415958647354 25.1497803420184 0,55.4423699762136 25.1503575205449 0,55.4431540148247 25.1509256603156 0,55.4439281309281 25.1515028305675 0,55.4447022560331 25.1520709694184 0,55.4454863147073 25.1526481239217 0,55.4462604443234 25.1532162544982 0,55.4470346093054 25.1537934082196 0,55.4478186815168 25.1543615228906 0,55.4485928511259 25.1549386683339 0,55.449367019475 25.1555067823873 0,55.4501511220149 25.1560839117721 0,55.4509253047952 25.1566520175398 0,55.4516995034506 25.1572291464599 0,55.4524836191861 25.1577972360124 0,55.453257823563 25.1583653293756 0,55.4540320439878 25.1589424458875 0,55.4549452409994 25.1596277714855 0,55.4558584482077 25.1603130913501 0,55.4567716565276 25.1609893782177 0,55.457605917198 25.162053898225 0,55.4584501113691 25.1631184049416 0,55.4588279385572 25.1640027573513 0,55.4591958520801 25.1648871171029 0,55.4595736808528 25.1657624401001 0,55.4598129151463 25.1668996711058 0,55.4600620733196 25.1680368930419 0,55.4758827025203 25.1651511771956 0,55.4790245356876 25.165148777815 0,55.4854220522838 25.164871526384 0,55.4895283521372 25.1646957333498 0,55.4920768561212 25.1645449667514 0))
A27: 26 | B27: 281 | C27: Sector 2 | D27: AL KHWANEEJ FIRST | E27: 14973 | F27: 16.411873 | G27: =E27/F27 -> 912.32734 | H27: =VLOOKUP(A27,ref!$A$2:$C$220,2,0) -> POLYGON Z ((55.512225804976 25.2546531423173 0,55.51188698782 25.2537508381567 0,55.511553773251 25.2528411330954 0,55.5112391997596 25.2519822997389 0,55.5102924825684 25.2494016731215 0,55.5096547220677 25.2476782502584 0,55.5090269153159 25.2459548123249 0,55.5087080623041 25.2450976116328 0,55.5077614428439 25.2425169658246 0,55.5071336897347 25.240793518356 0,55.5064960421305 25.2390791065047 0,55.5055495167267 25.2364984439252 0,55.5049119014216 25.2347749968515 0,55.50390566915 25.232031902192 0,55.5034268662908 25.2302902097343 0,55.5031758591384 25.2282052209337 0,55.5032525937768 25.2262913710421 0,55.5035853756647 25.2229599583282 0,55.5026328759113 25.2230964601466 0,55.4996167044714 25.2235963792371 0,55.4966005079962 25.224096227842 0,55.4925921136199 25.2247686219595 0,55.4898969612043 25.2252532281698 0,55.4882859992989 25.2254773286448 0,55.485547526827 25.2259315245517 0,55.4839599083256 25.2261227219999 0,55.4820049940256 25.2262330276786 0,55.4798615512999 25.2263796032868 0,55.4774602554242 25.2266618072926 0,55.4750789226928 25.2270613065795 0,55.4720228102067 25.2275336197924 0,55.469988699869 25.2278424390108 0,55.4648983815928 25.228614369146 0,55.4650779819528 25.2295079005298 0,55.4652575849687 25.2304014315768 0,55.4654371906407 25.2312949622869 0,55.4656167989689 25.23218849266 0,55.4657964099437 25.233082013669 0,55.4659760235947 25.2339755523953 0,55.4661556398927 25.2348690817575 0,55.4663352489228 25.2357626107915 0,55.4665148804599 25.2366561394705 0,55.4666945047294 25.2375496678214 0,55.4672433187274 25.2402302418547 0,55.4676025814233 25.2420082773638 0,55.4677822216898 25.242901794653 0,55.4679618646249 25.243795320632 0,55.4681415102188 25.2446888462736 0,55.4683211584717 25.2455823715779 0,55.4685007994581 25.2464758965538 0,55.4686804629554 25.2473694211742 0,55.469010200697 25.2493370397963 0,55.4690228642193 25.2518014514596 0,55.4690842673936 25.2534623827009 0,55.4693939241906 25.2552043384133 0,55.4698029265666 25.257009391309 0,55.4702020245195 25.2588234698937 0,55.4704015729403 25.2597260085678 0,55.4706011243334 25.2606285378223 0,55.4710101732943 25.2624426130315 0,55.4716088737613 25.2651592231716 0,55.472017942952 25.2669642672201 0,55.4724171070988 25.2687783461225 0,55.4726166885311 25.2696808804477 0,55.512225804976 25.2546531423173 0))
A28: 27 | B28: 521 | C28: Sector 5 | D28: MADINAT AL MATAAR | E28: 22927 | F28: 141.83517 | G28: =E28/F28 -> 161.64538 | H28: =VLOOKUP(A28,ref!$A$2:$C$220,2,0) -> POLYGON Z ((55.1820034613648 24.9644373645628 0,55.1831524725498 24.9642218676659 0,55.1843014689094 24.9640153893715 0,55.1854603644357 24.9638089120222 0,55.1865103559645 24.9635752357918 0,55.1875702464832 24.963341561826 0,55.188620240685 24.9630988522008 0,55.1896801232273 24.9628651541402 0,55.1907300989332 24.9626314480568 0,55.1917899735539 24.962397743958 0,55.1928498442095 24.9621640322915 0,55.1938998080931 24.9619303037864 0,55.1949596708356 24.9616965770556 0,55.1960096269654 24.96145379709 0,55.1970892871735 24.9612291099525 0,55.1981689336066 24.9610044059283 0,55.1992485761572 24.9607796940543 0,55.2003282245255 24.9605459468275 0,55.2014177619117 24.9603212280252 0,55.2024973927157 24.9600964925308 0,55.203577029099 24.9598627216823 0,55.2036661718187 24.9598447442897 0,55.2038345545403 24.9598087807343 0,55.204002937165 24.959772816988 0,55.2041713291128 24.959727825545 0,55.2043397115311 24.9596918614167 0,55.2045081032481 24.9596468695916 0,55.2046764948434 24.9596018775753 0,55.2048448863172 24.9595568853679 0,55.2050132776694 24.9595118929693 0,55.2051717756331 24.9594578643525 0,55.2053401667334 24.9594128715828 0,55.2055085670345 24.9593588511153 0,55.2056670645883 24.9593048219687 0,55.2058354546987 24.9592508011212 0,55.2059939618661 24.9591967806608 0,55.2061524590118 24.9591427419674 0,55.2063208585948 24.9590887205766 0,55.2064793647031 24.9590256630536 0,55.2066378706506 24.9589626053607 0,55.2076681324772 24.9585752949874 0,55.2086983969738 24.9581789499332 0,55.2097286549002 24.957782597706 0,55.2107588973176 24.957395265817 0,55.2117891421785 24.9569988992458 0,55.2128193716806 24.9566115530152 0,55.2129580577879 24.9565575000397 0,55.21312645968 24.9564944433983 0,55.2133047637843 24.9564313855176 0,55.213473165321 24.9563683375094 0,55.2136514603326 24.9563143157519 0,55.2138198615437 24.956251258322 0,55.213998156237 24.9561972361474 0,55.2141764594645 24.956134186245 0,55.2143547538353 24.9560801636416 0,55.2145330393883 24.9560351683375 0,55.2147113235602 24.9559811452975 0,55.214889627382 24.9559271220589 0,55.2150679125229 24.9558821261121 0,55.2152462061458 24.955828102437 0,55.2154244910162 24.9557831060618 0,55.2156027856602 24.9557381094804 0,55.2157810517989 24.9557021401836 0,55.2159593362961 24.9556571431662 0,55.2161475229743 24.9556121537251 0,55.2163257986785 24.9555761837823 0,55.2165040742799 24.9555402136257 0,55.2166922520799 24.9555042510094 0,55.2168705274731 24.955468280413 0,55.2170587050593 24.9554323173326 0,55.2172369717787 24.9554053738119 0,55.2174251491648 24.9553694102676 0,55.2176034157242 24.95534245728 0,55.217791584485 24.9553155207874 0,55.2179698508636 24.955288594443 0,55.2181580194732 24.9552616484592 0,55.2183461879935 24.9552347112647 0,55.2185244457831 24.9552167937165 0,55.2187126057996 24.9551988835746 0,55.2189007657626 24.9551809731947 0,55.2190790233974 24.9551630549821 0,55.2192671832549 24.955145144139 0,55.2194553430591 24.9551272330579 0,55.2196434945198 24.9551183492554 0,55.2198217519606 24.9551004301531 0,55.2200099033563 24.9550915458875 0,55.2201980547259 24.9550826613842 0,55.2203862060696 24.955073776643 0,55.2205743573955 24.9550648826366 0,55.2216438267413 24.955038605786 0,55.2227133037232 24.9550033027654 0,55.2237728778741 24.9549679757538 0,55.2248423358965 24.9549416759265 0,55.225911821133 24.9549063409152 0,55.2269812881328 24.954880025735 0,55.2280507623853 24.9548446753556 0,55.2281497849091 24.9548447453095 0,55.2283280331094 24.9548358435413 0,55.2284963889362 24.9548269345979 0,55.2286746271854 24.9548180324077 0,55.2288429730623 24.9548091230655 0,55.2290212287784 24.9547911839202 0,55.2291895745878 24.9547822832136 0,55.2293678302167 24.9547643436532 0,55.2295361835346 24.9547464150347 0,55.2297045368121 24.9547284771983 0,55.2298827922837 24.9547105460485 0,55.2300511529946 24.9546835802999 0,55.230229408353 24.9546656487349 0,55.2303977689288 24.9546386825938 0,55.230566129432 24.9546117162622 0,55.230744392095 24.9545847565598 0,55.2309127524508 24.9545577898357 0,55.2320913319641 24.9542967972612 0,55.2332600043524 24.9540357886853 0,55.2344385740143 24.9537747774905 0,55.2341622243578 24.9526371252642 0,55.2338858797426 24.9514994723673 0,55.2336095474382 24.9503527912735 0,55.2335305942055 24.9500277472736 0,55.233422037824 24.9495762979207 0,55.2333035804316 24.9491248418161 0,55.2331950183578 24.9486824197764 0,55.2330765626365 24.9482309634424 0,55.2329581077729 24.9477795069895 0,55.232839646442 24.9473370779476 0,55.2327211932854 24.9468856212577 0,55.2325928320625 24.9464431852854 0,55.232474380649 24.9459917283505 0,55.2323460212228 24.9455492921182 0,55.2322176601764 24.9450978282129 0,55.2320893124839 24.9446553917189 0,55.2319609558012 24.9442129550843 0,55.2318326000299 24.9437705183157 0,55.2316943512519 24.9433190380981 0,55.2315659973404 24.9428766100803 0,55.2314277430865 24.9424341661304 0,55.2312894898146 24.941991722029 0,55.2311512375247 24.9415492777762 0,55.2310129862167 24.9411068333721 0,55.2308747358907 24.9406643888166 0,55.2307265854625 24.940221937293 0,55.2305784360869 24.9397794855992 0,55.230430287764 24.9393370337353 0,55.2302821404937 24.9388945817013 0,55.2301339867567 24.9384611570369 0,55.2299858415808 24.9380187046631 0,55.2298376974574 24.9375762521192 0,55.2296796459975 24.9371428200609 0,55.2295216032015 24.9367003602716 0,55.2293635539539 24.9362669278344 0,55.2292055133928 24.9358244676653 0,55.2290474663574 24.9353910348492 0,55.2288894204224 24.9349576018439 0,55.2287214825803 24.9345151341568 0,55.2285634388995 24.9340816917347 0,55.2283954957456 24.9336482602087 0,55.2282275537612 24.9332148284721 0,55.2280596129616 24.9327813784698 0,55.2278817728698 24.9323479302808 0,55.2277138344362 24.931914488874 0,55.2275359967872 24.9314810402301 0,55.227368060727 24.9310475983912 0,55.2271902255208 24.9306141492926 0,55.2270123816529 24.9301806999536 0,55.2268345510675 24.929756277945 0,55.22664681936 24.9293228120347 0,55.2264689891221 24.9288893710196 0,55.2262812521914 24.9284649411855 0,55.2259156900703 24.9276070603305 0,55.2257180569204 24.9271826225935 0,55.2255303329765 24.9267491641814 0,55.2253426024761 24.9263247330651 0,55.2251449832179 24.9259002945161 0,55.2249572454126 24.9254758628679 0,55.2247596189173 24.9250514237616 0,55.2245619838705 24.9246269843665 0,55.2243643699717 24.9242025447044 0,55.2241667475213 24.9237781047535 0,55.2239592266846 24.9233536572594 0,55.2237615989865 24.9229382442893 0,55.2235540809329 24.9225137961931 0,55.2233465642954 24.9220893477888 0,55.2231390410509 24.9216739266344 0,55.2229315272302 24.9212494776143 0,55.2227239968731 24.9208340558378 0,55.2225065882013 24.9204186264114 0,55.222299078632 24.9199941764545 0,55.2220816728471 24.9195787463718 0,55.2218642487155 24.9191633159393 0,55.2216468359356 24.9187478851791 0,55.2214294246078 24.9183324540839 0,55.2212120147321 24.9179170226537 0,55.2209946063084 24.9175015908884 0,55.2207672919099 24.9170951788791 0,55.2205399872072 24.9166797389431 0,55.220312684023 24.9162642986429 0,55.2200853741058 24.9158578945701 0,55.21985807395 24.9154424445144 0,55.2196307769275 24.9150360306945 0,55.2194034698844 24.9146205889309 0,55.2191662669467 24.9142141667991 0,55.2189290655594 24.9138077442734 0,55.2186918657224 24.9134013213539 0,55.2184546674357 24.9129948980405 0,55.2182174706992 24.9125884743334 0,55.2179802755129 24.9121820502325 0,55.2177430818767 24.9117756257378 0,55.2174959910149 24.911369193162 0,55.2173703070365 24.9111670673879 0,55.2173701390276 24.9111667783749 0,55.2170117043909 24.9105653529954 0,55.2167646098329 24.910167955757 0,55.2166789453077 24.9100324751342 0,55.2166786290341 24.910031960315 0,55.2160134456123 24.9089666990544 0,55.2155093808784 24.9081628472764 0,55.2151832111636 24.9076570448589 0,55.2148570441021 24.9071512417038 0,55.2145308797026 24.9066454287835 0,55.2142047092718 24.9061486607548 0,55.2138785501463 24.9056428553874 0,55.2135424953967 24.9051370413347 0,55.2128802835323 24.9041344464543 0,55.2125442281322 24.9036376576577 0,55.2122081754171 24.9031408680812 0,55.2118721253869 24.9026440777248 0,55.2115261800038 24.9021472785077 0,55.2111901442676 24.9016414589912 0,55.2108441954884 24.901153685726 0,55.2105081562765 24.9006568922065 0,55.2101622119723 24.9001600897284 0,55.2098162902278 24.8996632864422 0,55.2094703523404 24.8991755099043 0,55.2091145284401 24.8986786967218 0,55.2087685960441 24.8981909185138 0,55.2084127777645 24.8976941036142 0,55.2080668508595 24.8972063237364 0,55.2077110191667 24.8967185346948 0,55.2073552100606 24.8962307448004 0,55.206999393848 24.8957429540285 0,55.2066435804266 24.8952551623872 0,55.2062877697963 24.8947673698767 0,55.2059220552838 24.8942885956325 0,55.2055563528786 24.8938007928865 0,55.2052005413565 24.8933220253088 0,55.2048348446234 24.8928342207543 0,55.2044691413895 24.8923554428706 0,55.2041034409713 24.8918766640715 0,55.2037377527911 24.8913888567687 0,55.2033621608918 24.8909100675195 0,55.2029964689946 24.8904312769221 0,55.2026208828316 24.889952494797 0,55.2022452900401 24.8894827302702 0,55.2018697096338 24.8890039462175 0,55.2014941321383 24.8885251431456 0,55.2011185479136 24.8880553757289 0,55.2007429761551 24.887576588785 0,55.2003952377247 24.8871527947288 0,55.1999819251593 24.8866370312671 0,55.199596455589 24.8861672511069 0,55.199210988931 24.8856974699338 0,55.1988354218691 24.8852276966658 0,55.1984400643511 24.8847579045494 0,55.198054606429 24.8842881203383 0,55.1976691415587 24.8838273627097 0,55.1972836894325 24.883357576474 0,55.1968883338046 24.8828968077763 0,55.1964929910514 24.8824270104192 0,55.1963713416174 24.8822852376692 0,55.1963709857932 24.8822848311004 0,55.1957121908872 24.881505476832 0,55.1953069506199 24.8810446947587 0,55.1949116096682 24.8805839207464 0,55.1945162716458 24.8801231456714 0,55.1937156980413 24.8792106106784 0,55.193310482545 24.8787498231182 0,55.193107855984 24.878523942706 0,55.1931076681915 24.8785237348946 0,55.1925000206388 24.8778372722252 0,55.1920947939626 24.8773855089118 0,55.1916895702304 24.8769337444842 0,55.191284349442 24.8764819789426 0,55.1910767921687 24.8762560910398 0,55.1904640207847 24.8755784350487 0,55.1900489129879 24.8751266566425 0,55.189841355008 24.8749052808029 0,55.189218695972 24.8742321239301 0,55.188596038419 24.8735634782326 0,55.1883884908991 24.8733375865485 0,55.1879733875612 24.8728948299092 0,55.1875483915173 24.8724520624422 0,55.1871332941259 24.8720093034422 0,55.1867083040992 24.8715665335593 0,55.1862833170987 24.8711237624545 0,55.1858682286442 24.8706809999002 0,55.1854432369183 24.8702472539868 0,55.1850083634801 24.869804469417 0,55.1845833777489 24.8693707210333 0,55.184267783286 24.8690486168863 0,55.1841583949821 24.8689369714289 0,55.1837235307003 24.8684941830827 0,55.1832985539277 24.8680604310086 0,55.182863684844 24.8676266677443 0,55.1824288078345 24.8672019308122 0,55.1819939447866 24.8667681649941 0,55.1815590847723 24.8663343978989 0,55.1811242167377 24.8659096571372 0,55.1806893627477 24.8654758965162 0,55.1802446056276 24.8650511340321 0,55.1798097465701 24.8646263894131 0,55.1793649954818 24.864201633318 0,55.1789202474319 24.8637768758891 0,55.1784755024203 24.8633521171265 0,55.1780307604469 24.8629273570302 0,55.1775860215116 24.8625025956003 0,55.1771412742735 24.8620868604501 0,55.1766866465845 24.861662085977 0,55.1762419053594 24.8612463481317 0,55.1757872723768 24.8608305985179 0,55.1753425371324 24.860414857978 0,55.1748879101969 24.8599991056106 0,55.1744332863016 24.8595833518515 0,55.1739786654462 24.8591675967008 0,55.1735240360291 24.8587608677743 0,55.1730595266888 24.8583450992255 0,55.1726049032973 24.8579383584595 0,55.1721502945575 24.8575226067415 0,55.1716857827019 24.8571158615156 0,55.1712212738855 24.8567091148386 0,55.1707567681082 24.8563023667106 0,55.1702922653701 24.8558956171316 0,55.1698277538027 24.8554978937198 0,55.1693632571091 24.8550911412396 0,55.1688987515192 24.8546934149271 0,55.1684342608698 24.8542866595459 0,55.167959867082 24.8538889193818 0,55.1674854763297 24.8534911777059 0,55.167020982724 24.8530934455323 0,55.1665465980106 24.8526957008645 0,55.1660722064385 24.8522979546741 0,55.1655978255163 24.8519092346148 0,55.1651234597685 24.8515114854241 0,55.164649065026 24.8511227623208 0,55.1641648014987 24.8507249988954 0,55.1636904226489 24.8503362727505 0,55.1632061529066 24.8499475338306 0,55.162731780021 24.8495588046335 0,55.162247516305 24.8491700625984 0,55.1617632035431 24.8487903826772 0,55.1612789854745 24.8484016014306 0,55.16079471829 24.8480218822986 0,55.1603104666188 24.8476331339709 0,55.1598163117435 24.8472534002056 0,55.1593320436067 24.8468736763122 0,55.1588379046336 24.846493939317 0,55.158353652338 24.8461142122585 0,55.1578595094796 24.8457344720109 0,55.1573653568736 24.845363757751 0,55.1568712200181 24.8449840142305 0,55.1563770733437 24.8446132966983 0,55.1558829296172 24.8442425775301 0,55.1553887888386 24.8438718567261 0,55.1548946510079 24.8435011342863 0,55.1543906228125 24.8431303983655 0,55.1538964909071 24.8427596726219 0,55.1533924686964 24.8423889333317 0,55.1528884364031 24.8420272199665 0,55.1523943002391 24.841665516878 0,55.1518902869473 24.8412947725182 0,55.1513862634644 24.8409330540841 0,55.1508723498089 24.8405713218726 0,55.1503683322236 24.8402096000045 0,55.1498643042648 24.8398569040633 0,55.1493602925116 24.8394951787949 0,55.1488463906876 24.8391334486436 0,55.1483324784642 24.8387807262977 0,55.1478284620804 24.8384280234909 0,55.1473145556514 24.8380753066732 0,55.1468006521403 24.8377225880891 0,55.1462867515471 24.8373698677386 0,55.1457728538719 24.8370171456217 0,55.1452589454746 24.8366734493674 0,55.1447351608322 24.8363207112371 0,55.144221258187 24.8359770114172 0,55.1437073484927 24.8356333098191 0,55.1431835687446 24.835289593897 0,55.1426597820026 24.8349458761286 0,55.1421459006797 24.8346021691915 0,55.141622109815 24.8342584477774 0,55.1410983178018 24.8339237521723 0,55.1406832488325 24.8336523884158 0,55.1401712426312 24.8333248997826 0,55.139104781879 24.8326368479968 0,55.1390526121337 24.8326030709684 0,55.1382323720505 24.8320693714971 0,55.1374220171921 24.8315447081249 0,55.1366017768395 24.8310200273486 0,55.136260460085 24.8308016864705 0,55.1362596101883 24.8308011527189 0,55.1348200438531 24.8298722981326 0,55.1341510040152 24.8294369436032 0,55.1334895859959 24.8290138287326 0,55.132940219409 24.8286593449196 0,55.1325204778401 24.8283875550019 0,55.1323498265167 24.8282783800081 0,55.1314318169691 24.8276860125611 0,55.13088999389 24.8273291210132 0,55.130069808966 24.8268044044539 0,55.1295790748895 24.8264904499164 0,55.1288292350153 24.8260065732142 0,55.1094204450733 24.8510570024222 0,55.0936223977342 24.8714377403685 0,55.0721607765259 24.8991113655983 0,55.0987827462234 24.9161078712322 0,55.1013755072944 24.9178157649834 0,55.1018874082296 24.9181656279152 0,55.1023970301136 24.9185182299297 0,55.1029043729436 24.9188735800775 0,55.1033971875161 24.9192229930644 0,55.1034093972028 24.9192316422103 0,55.1039121028706 24.9195924344064 0,55.1044213874726 24.9199624430872 0,55.1049282248381 24.920335226758 0,55.1054325951796 24.9207107854129 0,55.1059344787425 24.9210891009915 0,55.1064338656704 24.9214701554483 0,55.1069307361741 24.921853948778 0,55.1074250705128 24.9222404538929 0,55.1079168390124 24.9226296617453 0,55.1084060516129 24.9230215543201 0,55.1088926588395 24.92341612254 0,55.1093766706143 24.9238133574175 0,55.1098580473932 24.9242132318356 0,55.1103367892135 24.9246157277644 0,55.1108128663639 24.9250208542118 0,55.1112862690129 24.9254285750784 0,55.1117569773639 24.9258388903596 0,55.1122249716677 24.9262517729686 0,55.112690242042 24.9266672138885 0,55.11315276872 24.9270851950599 0,55.1136125319339 24.9275056984237 0,55.1140695118834 24.927928723976 0,55.1145237086151 24.9283542446593 0,55.1149750825589 24.9287822423855 0,55.1154236337281 24.9292127081524 0,55.1158693423668 24.9296456148735 0,55.116312188655 24.9300809715725 0,55.1167521627513 24.93051874215 0,55.1171892349654 24.9309589175603 0,55.1176234053231 24.9314014797735 0,55.1180546540484 24.9318464107309 0,55.1184829712654 24.9322936923879 0,55.1189083272649 24.9327433247267 0,55.1193307122005 24.9331952716478 0,55.1197501062774 24.9336495241202 0,55.1201665095016 24.9341060731409 0,55.1205798922073 24.9345648916097 0,55.1209902444984 24.9350259705095 0,55.1213975465927 24.9354892917818 0,55.1218018084247 24.9359548283825 0,55.1222029903785 24.9364225802796 0,55.1226010627995 24.9368925113457 0,55.1229960454595 24.9373646306604 0,55.1233879186183 24.9378388930824 0,55.123776632756 24.9383152985661 0,55.1241622373911 24.9387938291501 0,55.1245446632459 24.9392744576785 0,55.1249239103025 24.9397571841751 0,55.1252999786186 24.9402419635261 0,55.1256728285407 24.940728813755 0,55.126042489813 24.9412176988165 0,55.126408903069 24.9417085825415 0,55.1267720979762 24.9422014740219 0,55.1271320250522 24.9426963461298 0,55.1274886743888 24.9431931898471 0,55.1278420559243 24.9436919691005 0,55.1281921399316 24.9441926838716 0,55.128538916545 24.9446952980597 0,55.1288851513618 24.9452039229987 0,55.1292280193716 24.945714447305 0,55.1295674710556 24.9462268619062 0,55.1299035163326 24.946741139756 0,55.1302361453032 24.9472572628085 0,55.1305653183622 24.9477752129771 0,55.1308910652151 24.9482949722695 0,55.1312133462554 24.9488165225988 0,55.1315321614823 24.949339845932 0,55.1318474910912 24.9498649242089 0,55.1321593251929 24.9503917303554 0,55.1324676439812 24.950920246311 0,55.1327724573402 24.9514504630828 0,55.1330737355895 24.951982344542 0,55.1333714786955 24.9525158907093 0,55.1336656668784 24.9530510654689 0,55.1339563001179 24.9535878598138 0,55.1342433487162 24.954126246642 0,55.1345268225539 24.9546662169595 0,55.1348067117506 24.9552077346628 0,55.1350829865916 24.9557507816771 0,55.1353556470249 24.9562953670495 0,55.1356246831969 24.9568414366212 0,55.135890085181 24.9573889813705 0,55.136151852967 24.9579379832615 0,55.1364099568369 24.9584884242184 0,55.1366644165987 24.9590402772034 0,55.1369151728109 24.9595935331288 0,55.1371622750026 24.960148155968 0,55.1374056736335 24.9607041366461 0,55.1376453687186 24.9612614390707 0,55.1378813601869 24.961820081314 0,55.1381136381926 24.9623800001879 0,55.1383421927893 24.962941195696 0,55.1385670041559 24.9635036497743 0,55.1387880822078 24.964067326342 0,55.1390054071085 24.964632216362 0,55.1392189689382 24.9651983017822 0,55.1394287677077 24.9657655465084 0,55.1396347835648 24.9663339505303 0,55.1398370264225 24.9669034777658 0,55.1400354863593 24.9674741101621 0,55.1402301336461 24.9680458296403 0,55.140420988084 24.9686186091581 0,55.1406080298325 24.9691924396762 0,55.1407912489818 24.9697672941135 0,55.1409706554285 24.9703431454138 0,55.1411462194413 24.9709199754972 0,55.1413179409843 24.9714977753492 0,55.1414858299812 24.9720764998579 0,55.1416498566711 24.9726561489977 0,55.141810050756 24.9732366957366 0,55.1419663528048 24.9738181129277 0,55.142118802409 24.9744003825787 0,55.1422673698475 24.9749834775803 0,55.142830983358 24.9748191504821 0,55.1438218625685 24.9744954259038 0,55.1448226403951 24.9741717072265 0,55.1458233993407 24.9738570092399 0,55.146824166847 24.9735332770194 0,55.1478150254697 24.9732095256867 0,55.1488157691415 24.9728948074556 0,55.1498165211409 24.972571064016 0,55.1508073643582 24.9722472836098 0,55.1518080927541 24.9719325451368 0,55.152848469857 24.9715907655138 0,55.1538789246262 24.971257994107 0,55.1549490009409 24.9709162355178 0,55.1560190584502 24.9705834966615 0,55.1570891231087 24.9702417225954 0,55.1581591691178 24.9699089682648 0,55.1592292221191 24.9695671787231 0,55.1597741399037 24.969396292583 0,55.1603190633773 24.9692344319355 0,55.1608639629493 24.9690815967473 0,55.1614187519946 24.9689377984659 0,55.1619735397625 24.9687939981077 0,55.1625283137908 24.9686592231503 0,55.1628255132266 24.9685873438363 0,55.1641034372727 24.9682999219469 0,55.1653912587268 24.9680125002174 0,55.1663719880104 24.9677879157598 0,55.1673527137716 24.9675633248174 0,55.1683334360102 24.9673387273907 0,55.1693042395487 24.9671231400537 0,55.1702849548303 24.9668985297246 0,55.1712656665884 24.9666739129117 0,55.1722463748228 24.9664492896151 0,55.1732270678527 24.9662336873205 0,55.1742869941026 24.9660091356953 0,55.1753568311796 24.9657755595192 0,55.1764167497255 24.9655509926827 0,55.1771002565957 24.9653982438493 0,55.177773858731 24.9652454815228 0,55.1784573396761 24.965110781416 0,55.1791507221943 24.9649760884162 0,55.1810129389712 24.9646169047585 0,55.1820034613648 24.9644373645628 0))
A29: 28 | B29: 365 | C29: Sector 3 | D29: AL QOUZ IND. SECOND | E29: 144327 | F29: 5.0512334 | G29: =E29/F29 -> 28572.626 | H29: =VLOOKUP(A29,ref!$A$2:$C$220,2,0) -> POLYGON Z ((55.253991736505 25.1441927067565 0,55.2541801861147 25.1441657256683 0,55.2555686275063 25.1441754883071 0,55.2569570648559 25.144176210632 0,55.2579884650709 25.1442218752846 0,55.259009933201 25.1442765550744 0,55.2600313977343 25.1443222005209 0,55.2610628003784 25.1443678437739 0,55.2609840989202 25.1432845293166 0,55.2609054041519 25.1421921873625 0,55.26083662266 25.1411088773627 0,55.2607476664646 25.1406033047868 0,55.2606587056524 25.1401067594269 0,55.2605499113293 25.1396102042398 0,55.2604411178812 25.1391136489415 0,55.2603323253078 25.1386170935321 0,55.2602036942478 25.1381295555282 0,55.2600750695908 25.1376329900778 0,55.2599563197223 25.1372086478412 0,55.2595008417205 25.1360439077584 0,55.2590453668828 25.1348881753657 0,55.2585799839498 25.1337324454377 0,55.2581146097504 25.1325767138881 0,55.2576393278332 25.1314209756525 0,55.257520503175 25.1311410681431 0,55.2572827884009 25.1306895805672 0,55.2570351534081 25.1302471147954 0,55.2567875201961 25.1298046485875 0,55.2565299724809 25.1293621768052 0,55.256272426618 25.1289197045534 0,55.2559950444928 25.1284862578272 0,55.2557176586295 25.1280618198224 0,55.2554303486139 25.1276373850892 0,55.2551430604135 25.12721294979 0,55.2548458424358 25.1267975359758 0,55.2545387104229 25.126382116276 0,55.2542315804792 25.1259667049489 0,55.2539145308103 25.1255602969184 0,55.2535875515116 25.1251629191989 0,55.2532605941585 25.1247655407528 0,55.2483757514164 25.1194096176739 0,55.24754246675 25.1199598048001 0,55.2467091682644 25.1205190145048 0,55.2458758721166 25.1210782194689 0,55.2450425550464 25.1216283923531 0,55.2442092338881 25.122187587818 0,55.2433759051516 25.1227467785353 0,55.2425425688366 25.1233059645046 0,55.2417092316755 25.1238561184079 0,55.2408758802647 25.1244152948811 0,55.2400425212751 25.1249744666052 0,55.2392091616232 25.1255246062649 0,55.238375787537 25.1260837684908 0,55.2375424058716 25.1266429259666 0,55.236699107624 25.1271930449148 0,55.2358657108163 25.1277521928343 0,55.235032306429 25.1283113360026 0,55.2341989017479 25.1288614471098 0,55.2333654822625 25.1294205807756 0,55.2325320551971 25.1299797096892 0,55.2331957720113 25.1308106723787 0,55.2338595051087 25.131632604724 0,55.2345232299012 25.1324635613315 0,55.2351869834992 25.1332945149136 0,55.2358507433198 25.1341164381464 0,55.2364550614969 25.1348751283334 0,55.2370593942116 25.1356247886984 0,55.2376637272642 25.1363834738461 0,55.2382680747667 25.1371331291727 0,55.2388724296416 25.1378827819802 0,55.2394767849882 25.1386414595674 0,55.24008115466 25.1393910983077 0,55.2406855248788 25.1401497798803 0,55.2412899093353 25.1408994226071 0,55.2418942912487 25.1416490628073 0,55.2424986936912 25.1424077277944 0,55.2431031003156 25.1431573629583 0,55.2437075176412 25.1439160229009 0,55.2443119291434 25.1446656530155 0,55.244916357939 25.1454152806143 0,55.2455207876522 25.1461739329827 0,55.2461252312388 25.146923564564 0,55.2467296822155 25.1476731755682 0,55.2469179607547 25.147898967865 0,55.247791134322 25.1473127005848 0,55.2486642933265 25.1467354553808 0,55.2495374502883 25.1461491776712 0,55.2504105989155 25.145562894747 0,55.250618959586 25.145427601781 0,55.2508372312994 25.1453013413353 0,55.2510654201242 25.1451750860727 0,55.2512936024463 25.1450578577494 0,55.2515217843332 25.1449406290718 0,55.2517598713174 25.1448414600902 0,55.2519979579178 25.1447422907237 0,55.2522360381697 25.1446521482672 0,55.2524840355838 25.144562010839 0,55.2527221092023 25.1444808948925 0,55.252980011587 25.1444088256444 0,55.2532279902975 25.1443457598244 0,55.2534858803644 25.1442917352568 0,55.2537338527207 25.1442377049108 0,55.253991736505 25.1441927067565 0))
A30: 29 | B30: 215 | C30: Sector 2 | D30: UMM RAMOOL | E30: 3588 | F30: 3.6468858 | G30: =E30/F30 -> 983.85312 | H30: =VLOOKUP(A30,ref!$A$2:$C$220,2,0) -> POLYGON Z ((55.3767239839669 25.2375764034346 0,55.3778254774489 25.2370615260536 0,55.3778151844943 25.2360504838623 0,55.3778048950078 25.2350484687227 0,55.3777946024203 25.234037426254 0,55.3777942346995 25.2330263806602 0,55.3777839423947 25.2320153288865 0,55.3777736535617 25.2310133222239 0,55.3775548602914 25.2297586073868 0,55.3773758598391 25.228756641749 0,55.3771968655717 25.2277637029545 0,55.3770178742241 25.2267707638059 0,55.3768388825844 25.2257687971008 0,55.3766598970889 25.2247758572429 0,55.3764809145124 25.2237829170309 0,55.3763019316801 25.2227809402317 0,55.3763513001093 25.222067785509 0,55.3763710269913 25.2217247458582 0,55.3761026244663 25.2204068512283 0,55.3758342277466 25.2190889558685 0,55.3759825176623 25.2174730421117 0,55.3750499346703 25.2181142403593 0,55.3740181006433 25.2187374056029 0,55.3729465442603 25.219306410983 0,55.3720337157741 25.2197489861367 0,55.3711308071079 25.2202005803074 0,55.3702179653679 25.2206431442103 0,55.3693150407314 25.2210857000416 0,55.3684021858051 25.2215282526928 0,55.3674893267888 25.2219798268951 0,55.3665863823965 25.2224223659993 0,55.3656735076059 25.2228649017394 0,55.3647705500997 25.223307429711 0,55.3638576643763 25.2237589814022 0,55.3629547036136 25.2242014982376 0,55.3620417924601 25.2246440114677 0,55.3611288846198 25.2250865190365 0,55.3602258962299 25.2255380463445 0,55.3593129751368 25.2259805426544 0,55.3584099715798 25.2264230225932 0,55.3574970373032 25.2268655166706 0,55.356594022352 25.2273170217004 0,55.356375708193 25.2274163551285 0,55.3556116231112 25.2278588051978 0,55.3548971635585 25.2283554162965 0,55.3542224048359 25.2289061634549 0,55.3536071953885 25.2295110715648 0,55.3532003698093 25.2299715140077 0,55.3541135330882 25.2306484283534 0,55.3550267048754 25.2313163097901 0,55.3559498129102 25.231993220222 0,55.3567736621035 25.2325527780212 0,55.3575975188368 25.2331123311793 0,55.3584213812557 25.2336628434744 0,55.3593643773017 25.2343487471279 0,55.3603173087757 25.2350346428789 0,55.3612603260383 25.2357205342878 0,55.3622430579874 25.2364244662243 0,55.3632258034609 25.2371374187371 0,55.3641986353209 25.2378503667076 0,55.3650126412926 25.2384279435352 0,55.3658167297815 25.2390054999534 0,55.3666208258707 25.2395830609697 0,55.367424929558 25.2401606175566 0,55.3682290408437 25.2407381697137 0,55.3690331597278 25.2413157174406 0,55.3695789767051 25.2410537961662 0,55.3705415858217 25.2405660888414 0,55.3715041872491 25.240078375221 0,55.3724767062036 25.239590652676 0,55.3734392922128 25.2391029264009 0,55.3745308912262 25.2385971035347 0,55.3756324031649 25.2380822425511 0,55.3767239839669 25.2375764034346 0))
A31: 30 | B31: 424 | C31: Sector 4 | D31: AL WARQA'A FOURTH | E31: 15592 | F31: 5.145411 | G31: =E31/F31 -> 3030.273 | H31: =VLOOKUP(A31,ref!$A$2:$C$220,2,0) -> POLYGON Z ((55.440203243735 25.2019498647972 0,55.4402627293104 25.2018956584568 0,55.4403321290818 25.2018324176957 0,55.4403916066488 25.2017691840845 0,55.4404609884604 25.201696916051 0,55.4405303979389 25.2016336751887 0,55.4405997895139 25.2015614070821 0,55.4406691810071 25.2014891389425 0,55.4407187440468 25.2014349396172 0,55.4407782212211 25.2013717058484 0,55.4408674329029 25.2012723415402 0,55.4409665665321 25.2011729789841 0,55.4410557699653 25.2010645783143 0,55.4411449811983 25.200965213836 0,55.4412341843305 25.2008568220837 0,55.4413233873048 25.2007484302766 0,55.4414125980906 25.2006490656341 0,55.4414720665517 25.2005768043624 0,55.4420766291932 25.1998090469076 0,55.4426811842619 25.1990412869273 0,55.4432956536067 25.1982735170459 0,55.4433551116936 25.1981922277795 0,55.443424491537 25.1981109311041 0,55.4434839575806 25.1980386690067 0,55.4435533372516 25.1979573722698 0,55.4435929757689 25.1979031793576 0,55.443662363425 25.1978309097908 0,55.44373174286 25.1977496129687 0,55.443801122203 25.1976683161134 0,55.4438605878099 25.1975960538619 0,55.4439299669805 25.1975147569451 0,55.4439993542179 25.1974424872179 0,55.4440687413734 25.1973702174577 0,55.4441381202781 25.1972889204417 0,55.4442075072647 25.1972166506155 0,55.4442768941695 25.1971443807563 0,55.4443562027433 25.1970721034174 0,55.4444255912102 25.1969908062571 0,55.4444949679367 25.1969185363017 0,55.4445445356345 25.1968733628961 0,55.444613922146 25.1968010928768 0,55.4446833085757 25.1967288228246 0,55.4447626067188 25.196656545273 0,55.4448320029006 25.1965842751426 0,55.4449113107841 25.196511997503 0,55.4449806968828 25.1964397363368 0,55.4450600045767 25.1963674495895 0,55.4451393121852 25.1962951718265 0,55.4452086980183 25.1962229015249 0,55.445288013707 25.1961596599325 0,55.445367321038 25.1960873730189 0,55.4454367066189 25.1960151026092 0,55.4455160220469 25.1959518518663 0,55.4455953291254 25.1958795828839 0,55.4456746360936 25.195807295804 0,55.445753951264 25.1957440449327 0,55.4458332663525 25.1956807940187 0,55.4459125730598 25.1956085158375 0,55.4459918780568 25.1955452648453 0,55.4460711945043 25.1954729865709 0,55.4461505092532 25.1954097354855 0,55.4462298239118 25.1953464753302 0,55.4463190601103 25.1952832256087 0,55.4463983746081 25.1952199743897 0,55.4464776890239 25.195156723128 0,55.4465570033578 25.1950934718234 0,55.4466462391942 25.1950302128764 0,55.4466958053339 25.1949850387438 0,55.4467850410195 25.1949217797126 0,55.4468643550423 25.1948585282423 0,55.4469535905485 25.194795269109 0,55.4470329044106 25.1947320265751 0,55.447122148117 25.1946777855376 0,55.4471816354905 25.1946326036089 0,55.447260957519 25.1945783791501 0,55.4473501926158 25.1945151197766 0,55.4474394276288 25.1944518693763 0,55.4475187494174 25.1943976357515 0,55.4476079842491 25.1943343762218 0,55.4476972274187 25.1942801438635 0,55.4477864620724 25.1942168842259 0,55.4478757050771 25.1941626517596 0,55.4479649480026 25.1941084192394 0,55.448054190849 25.1940541866653 0,55.4481335036533 25.1939909345114 0,55.4482326678347 25.1939366941295 0,55.448321910437 25.1938824613934 0,55.4484111529601 25.1938282286034 0,55.4485003954041 25.1937739957594 0,55.4485896377689 25.1937197628615 0,55.4486491326348 25.1936836075662 0,55.4487383748677 25.1936293745784 0,55.4488276170214 25.1935751415366 0,55.448926789078 25.1935299279145 0,55.4490160310754 25.1934756947589 0,55.4491052729938 25.1934214615493 0,55.4492341920942 25.1933581789997 0,55.4493234338214 25.193303936631 0,55.4494226054743 25.1932587226763 0,55.4495118470539 25.1932044892211 0,55.4496010971243 25.193159282938 0,55.4496705128473 25.1931231194333 0,55.4497597628082 25.1930779220817 0,55.4498490126859 25.1930327066217 0,55.4493521377508 25.1921845371747 0,55.4488651910003 25.1913363581896 0,55.4483782510123 25.1904881774806 0,55.4478913177865 25.1896399950478 0,55.4473944618377 25.1887827913081 0,55.4469075323186 25.1879346054021 0,55.4468479157991 25.1878263242742 0,55.4467882894643 25.1877180431281 0,55.4467485386332 25.1876458556828 0,55.446708787849 25.1875736682261 0,55.4466789580866 25.187501473158 0,55.446639199041 25.1874202584467 0,55.4465994301273 25.1873390437313 0,55.4465795563991 25.1872939227406 0,55.4465298598529 25.1871946611215 0,55.4464900843294 25.187095391897 0,55.4464503088706 25.1869961226603 0,55.4464105418091 25.1869058806462 0,55.4463707748065 25.1868156386201 0,55.4463309995361 25.1867163693469 0,55.4463011369092 25.1866080652521 0,55.4462613716841 25.1865087959494 0,55.4462414783745 25.1864636749225 0,55.4462116242153 25.1863644070682 0,55.4461817784036 25.1862741483875 0,55.4461519243312 25.1861748714911 0,55.4461220703076 25.1860755945871 0,55.446102137184 25.1859763101149 0,55.4460722832497 25.1858770331979 0,55.4460424293641 25.1857777562733 0,55.446022504658 25.1856874990224 0,55.4458133136082 25.1847578521286 0,55.445594213355 25.1838372395768 0,55.4453850287702 25.1829075918229 0,55.4451758556275 25.1819869708869 0,55.4449666856554 25.1810663495298 0,55.4447475803462 25.1801367079847 0,55.4445384267253 25.1792160857629 0,55.4443292581781 25.1782864358817 0,55.4441101808373 25.1773658202499 0,55.4438811053113 25.1763549390941 0,55.4436520417219 25.1753530846825 0,55.4434229738015 25.1743422025171 0,55.443183997953 25.173340354461 0,55.4429549377185 25.1723294712707 0,55.4427258893497 25.1713276148301 0,55.4417241706005 25.1715179241949 0,55.4407224487151 25.1717082267863 0,55.4397207236937 25.1718985226041 0,55.4387289152666 25.1720888045856 0,55.4377271839901 25.172279086923 0,55.4367254495788 25.1724693624862 0,55.4357237044926 25.1726506040199 0,55.434721963886 25.1728408660346 0,55.4337202201454 25.1730311212746 0,55.4327283931016 25.1732213721063 0,55.4317266431024 25.1734116048364 0,55.4307248899774 25.1736018398187 0,55.4297231337196 25.1737920680258 0,55.4287213842493 25.173982289451 0,55.4277196118072 25.1741725041133 0,55.4280082511797 25.1754180815569 0,55.4282968894668 25.1766546309585 0,55.4283068515409 25.176708788108 0,55.4283566690434 25.1769886010911 0,55.4283965666236 25.1772684204184 0,55.4284166339591 25.1775482524653 0,55.4284168510736 25.177828097253 0,55.4284071450544 25.1781169756602 0,55.4283875216662 25.1783968331707 0,55.4283381373926 25.178676709776 0,55.4282788256131 25.1789475654699 0,55.4282096002523 25.1792274547404 0,55.4281205269285 25.1794983294287 0,55.428021525883 25.1797601831536 0,55.427902683666 25.1800220494842 0,55.4278630509114 25.1800852655757 0,55.4277541284439 25.1803471254403 0,55.4276551259352 25.1806089788942 0,55.4275759708356 25.1808798468874 0,55.4275067358546 25.1811507085167 0,55.4274573415464 25.1814215574861 0,55.4274178675323 25.1816924001229 0,55.4274080648433 25.1818458696203 0,55.4273983591512 25.18212572056 0,55.4273985739852 25.1824055651828 0,55.427418630004 25.1826853971813 0,55.4274585204088 25.1829561893019 0,55.4275482501762 25.1835338761409 0,55.4276779555807 25.1844906818026 0,55.4278076799189 25.1854565144566 0,55.4279473004084 25.1864133132933 0,55.4280770120556 25.187370118215 0,55.4282067257549 25.1883269228934 0,55.428336448508 25.1892927545655 0,55.4284661663219 25.190249558756 0,55.4285958861885 25.1912063627031 0,55.4287355464189 25.1921721872361 0,55.4287754329754 25.1924429786434 0,55.4288352076334 25.1927588933784 0,55.4289148325116 25.1930838224879 0,55.429014293673 25.1933997024472 0,55.429123669787 25.1937065667233 0,55.4292528894601 25.194013409012 0,55.4293920313156 25.1943202447309 0,55.4295510028 25.1946090129382 0,55.4297198966152 25.1948977744968 0,55.4298987128313 25.1951865293725 0,55.4300973588777 25.195457216581 0,55.4303059103796 25.1957188697841 0,55.4305343259504 25.1959805096303 0,55.4306832801373 25.1961429108958 0,55.4309315163896 25.196386473572 0,55.4311797464236 25.1966210176205 0,55.4314478136501 25.1968465208542 0,55.4317257891109 25.1970539625394 0,55.4320136872903 25.1972614061019 0,55.4323114936224 25.1974507699499 0,55.4326192080428 25.1976220811068 0,55.4329269233227 25.197793391617 0,55.4332048518927 25.1979376399055 0,55.4334629448261 25.1980909283264 0,55.4335423638494 25.1981450379219 0,55.433929523321 25.1983975375499 0,55.43435639426 25.1986770907216 0,55.435210224605 25.1993354927725 0,55.4360640565532 25.1999848625852 0,55.4369179051833 25.2006432455769 0,55.437771755306 25.201292614386 0,55.4386256222375 25.2019509963711 0,55.4394794905126 25.2026003370932 0,55.4396777933728 25.2024377136401 0,55.4397372715716 25.2023744802951 0,55.4397967654104 25.2023293013618 0,55.4398562513501 25.2022750951865 0,55.4399256515466 25.202211854618 0,55.4400049659691 25.2021395796424 0,55.4401041088655 25.2020492358625 0,55.440203243735 25.2019498647972 0))
A32: 32 | B32: 231 | C32: Sector 2 | D32: AL NAHDA FIRST | E32: 41342 | F32: 1.6963339 | G32: =E32/F32 -> 24371.382 | H32: =VLOOKUP(A32,ref!$A$2:$C$220,2,0) -> POLYGON Z ((55.3771771767709 25.2978664877497 0,55.3779071486773 25.2976517485807 0,55.3775297619231 25.2975164554168 0,55.3763479157953 25.296993232099 0,55.3751561499596 25.2964700020769 0,55.3742423772375 25.2957932155075 0,55.3733286146649 25.2951164412568 0,55.3724247919098 25.2944396496127 0,55.3715110495651 25.2937628549268 0,55.3706965533095 25.2929235412159 0,55.3698820854229 25.2920751957725 0,55.3690676215888 25.2912358728477 0,55.3684617060946 25.2904687128073 0,55.3678557956722 25.2896925230651 0,55.3672399662489 25.2889253601532 0,55.3666340737436 25.2881581923419 0,55.3658791968926 25.2871834309333 0,55.365134261122 25.2862086633818 0,55.3649653977456 25.2859378857698 0,55.3642303432725 25.2847554873251 0,55.364081360685 25.2845208130101 0,55.3632767797184 25.2830856642953 0,55.3627602328469 25.2820837472259 0,55.362482098436 25.2815331561769 0,55.362283408052 25.2810367027895 0,55.3621443587939 25.2808291058564 0,55.3618761670006 25.2803146111496 0,55.3615384509326 25.2796827764245 0,55.361220628234 25.2791953713378 0,55.3604856948222 25.2781664054421 0,55.35944334713 25.2787714209517 0,55.3584009872381 25.2793673928917 0,55.3573586189353 25.2799723845664 0,55.3563162402896 25.2805773688361 0,55.3559588576896 25.2808211567758 0,55.3558595886591 25.2809114433354 0,55.3557206117696 25.2810378444049 0,55.3569718429817 25.282220204117 0,55.3575677326058 25.2830686581398 0,55.3581636323611 25.2839261367855 0,55.3587595404986 25.2847836129185 0,55.358998031047 25.2857675289815 0,55.3592464762797 25.2867604699073 0,55.3594949136997 25.2877443831513 0,55.3597433570911 25.2887373229697 0,55.3599222856045 25.2897122205263 0,55.3601012388271 25.2906961448558 0,55.360290112474 25.2916710398989 0,55.3604690596164 25.2926459363958 0,55.3606480096282 25.2936208325443 0,55.3608269625098 25.2945957283446 0,55.3610059203104 25.295579650915 0,55.3613437524089 25.2965364616962 0,55.3616815898179 25.2974932715749 0,55.3620095025327 25.298450082482 0,55.3623473504881 25.2994068996054 0,55.3637620763273 25.2979620684743 0,55.3722238184524 25.2969086285968 0,55.3771771767709 25.2978664877497 0))
A33: 33 | B33: 221 | C33: Sector 2 | D33: DUBAI INT'L AIRPORT | E33: 125 | F33: 14.180716 | G33: =E33/F33 -> 8.8147877 | H33: =VLOOKUP(A33,ref!$A$2:$C$220,2,0) -> POLYGON Z ((55.364106834685 25.2674233992011 0,55.364861262484 25.267188534013 0,55.3657546379802 25.2668272543593 0,55.3666876708594 25.2663305530147 0,55.3676107685785 25.2657977394328 0,55.3685934189443 25.2652197700566 0,55.3695760500727 25.2646417941069 0,55.3705586718911 25.264063811582 0,55.3716504633074 25.2634226040829 0,55.372742243248 25.2627813884675 0,55.3738340147078 25.2621491918951 0,55.3747173446208 25.2616253807228 0,55.3756105839802 25.2611015433444 0,55.3764939117968 25.2605867396183 0,55.3773772189762 25.260062903424 0,55.3782605185714 25.2595390619185 0,55.3791537373763 25.2590152120219 0,55.3800370252133 25.2585003869977 0,55.3809203020788 25.257976529502 0,55.3818134980303 25.2574526724648 0,55.3826967633307 25.256937822427 0,55.3835800273936 25.256413948941 0,55.3844731905586 25.2558900667156 0,55.3853564294848 25.2553661825568 0,55.386239664738 25.2548513202557 0,55.3871228885622 25.254327425482 0,55.3871621844073 25.2533976128455 0,55.3872014756868 25.2524587729141 0,55.3872407703607 25.2515289600233 0,55.3872800644505 25.2505991470061 0,55.3873193539667 25.2496603066905 0,55.3873586468856 25.2487304934191 0,55.3873979392204 25.2478006800212 0,55.3874372309714 25.2468708664967 0,55.3874765181379 25.2459320256694 0,55.3883100600418 25.2454442411419 0,55.3891435853671 25.2449564699477 0,55.3899771238786 25.2444686849945 0,55.3908106458035 25.243980895321 0,55.3916540865978 25.2434930970055 0,55.3924875951611 25.2430052978289 0,55.3933210970634 25.2425174939292 0,55.394154587812 25.2420206581267 0,55.394988066406 25.2415328447854 0,55.39582155819 25.2410450267136 0,55.3966550333881 25.2405572039241 0,55.3970817220142 25.2403674495659 0,55.3975282977684 25.240249902802 0,55.3979947566076 25.2401955362727 0,55.3981337102677 25.2401954753891 0,55.3991460723358 25.2401679463189 0,55.4001683641244 25.2401494330037 0,55.4011807253135 25.2401218809652 0,55.4022030112962 25.2400943444453 0,55.4032153715348 25.240066778466 0,55.4042376617888 25.2400482369949 0,55.4040781366905 25.2388025620906 0,55.4039186148768 25.237556886797 0,55.4038287531855 25.2366271294603 0,55.4037388980791 25.2357063991351 0,55.4036490391569 25.2347766504776 0,55.4035591816094 25.2338468835911 0,55.4034693254523 25.2329171255573 0,55.401870977932 25.2320693194512 0,55.4009577049249 25.2316905980931 0,55.4000444375648 25.2313118710596 0,55.3991311758518 25.2309331383508 0,55.3982179197862 25.2305543999672 0,55.3964809261865 25.2301489286167 0,55.3958655735933 25.2300769727164 0,55.3949028710532 25.2300141865755 0,55.3939402052904 25.2300236207461 0,55.3929874990291 25.2301052441444 0,55.3921638614597 25.2302951454604 0,55.3913601002617 25.2305482247546 0,55.3905861430464 25.2308735056965 0,55.3905166841716 25.2309006141787 0,55.3891474069956 25.2315691501724 0,55.3881849408951 25.2320298975132 0,55.3872323762993 25.2324996621489 0,55.386269885713 25.2329603969861 0,55.385307391701 25.2334301527289 0,55.3843448865161 25.2338908749925 0,55.3834121447378 25.2343425536897 0,55.3824793960586 25.2347942264819 0,55.3815466440394 25.2352549205588 0,55.3806138814901 25.2357065815393 0,55.3796811120402 25.2361582366135 0,55.3787483356897 25.2366098857812 0,55.3778254774489 25.2370615260536 0,55.3767239839669 25.2375764034346 0,55.3756324031649 25.2380822425511 0,55.3745308912262 25.2385971035347 0,55.3734392922128 25.2391029264009 0,55.3724767062036 25.239590652676 0,55.3715041872491 25.240078375221 0,55.3705415858217 25.2405660888414 0,55.3695789767051 25.2410537961662 0,55.3690331597278 25.2413157174406 0,55.3681201553807 25.2417672944871 0,55.3671376512844 25.2421647186853 0,55.3661452177564 25.2425711657222 0,55.3648947451331 25.2430950148104 0,55.3638129352359 25.2433750846511 0,55.3627211948239 25.2436551485383 0,55.3616393728783 25.2439261752673 0,55.3605476225448 25.2442062230782 0,55.3593466950408 25.2445314179873 0,55.3581358336578 25.2448475776096 0,55.3569249677414 25.2451727454507 0,55.3559920450462 25.2456603682814 0,55.3550591148992 25.2461479761657 0,55.3541162515122 25.2466355795272 0,55.3531833064259 25.2471231755091 0,55.3522007329079 25.2476649440125 0,55.3512181519912 25.2482157150674 0,55.3502355622133 25.2487664885766 0,55.3492430363886 25.249308229406 0,55.348260428913 25.2498589897025 0,55.3471090801192 25.2505090581808 0,55.3459477938421 25.2511681456534 0,55.3450941893666 25.2516376291213 0,55.3442504946369 25.2521071068952 0,55.3433968869992 25.252576580497 0,55.342543262872 25.2530460491376 0,55.3416896321815 25.253515512816 0,55.3408459213156 25.2539849710273 0,55.3399922775365 25.2544544248378 0,55.339138627194 25.2549238736851 0,55.3382948971574 25.2554023444047 0,55.3374412336631 25.2558717833817 0,55.3370243243781 25.2560523377531 0,55.3372625980331 25.2571807365457 0,55.3373221885872 25.2581195511893 0,55.3373420645587 25.2588056151948 0,55.3373222204355 25.2590944849948 0,55.3372825246081 25.2594465364331 0,55.3372329019802 25.2598076333242 0,55.3369847655401 25.2609811708189 0,55.3367068464173 25.2622720614801 0,55.3364289214188 25.263562951393 0,55.3371734702966 25.2642399707841 0,55.3379180476265 25.2649260135136 0,55.3386725503366 25.2656030249083 0,55.3394171344781 25.2662890599481 0,55.3401617264843 25.2669660640125 0,55.3409162542488 25.2676430637477 0,55.3417005749012 25.2683471483628 0,55.3424849046013 25.2690512106868 0,55.3432692532789 25.2697552778001 0,55.3440535903578 25.2704503135268 0,55.3448478749331 25.2711543713918 0,55.3456322408319 25.2718584257398 0,55.3464166157813 25.2725624758489 0,55.3472009987557 25.273257494572 0,55.348074755856 25.274060825909 0,55.3489584513909 25.2748551237851 0,55.3493356677112 25.2744669161307 0,55.3501297988991 25.2736453576276 0,55.3509735550774 25.2727967074001 0,55.3518172981533 25.2719390251097 0,55.3525518408742 25.2711896779513 0,55.3532863760509 25.2704493542167 0,55.3540109746507 25.269709028149 0,55.3545370609629 25.2692485688042 0,55.3551227201327 25.2688512888401 0,55.3557381681229 25.2685081649288 0,55.3564032640029 25.2682372479082 0,55.3565025425372 25.2682011237485 0,55.3572073546248 25.2680294955387 0,55.3579221167187 25.2679300795277 0,55.3582100111486 25.267911976986 0,55.3592325399102 25.2678847196671 0,55.3602550682082 25.2678574552655 0,55.3612775960423 25.2678301837812 0,55.361605201868 25.2678210942483 0,55.362061861039 25.2677939246231 0,55.3627369121193 25.2677125473281 0,55.3634218808911 25.2675950563124 0,55.364106834685 25.2674233992011 0))
A34: 34 | B34: 367 | C34: Sector 3 | D34: UMM AL SHEIF | E34: 5158 | F34: 1.8479285 | G34: =E34/F34 -> 2791.2336 | H34: =VLOOKUP(A34,ref!$A$2:$C$220,2,0) -> POLYGON Z ((55.2028790003747 25.1236825936764 0,55.2020070750402 25.1230589390426 0,55.2013917648427 25.1235548949379 0,55.2005978963301 25.1241138796373 0,55.1998040206017 25.1246728600133 0,55.1990101376574 25.1252318360655 0,55.1982162474971 25.1257908077935 0,55.1974223401328 25.1263588024978 0,55.1966284354814 25.1269177655757 0,55.1958345236134 25.1274767243284 0,55.1950406057671 25.1280356798853 0,55.1956248088928 25.1287945176232 0,55.1962189455823 25.1295443348894 0,55.1968031631399 25.1303031678892 0,55.1973973142984 25.13105298034 0,55.1979815462893 25.1318118086008 0,55.1985757119182 25.1325616162351 0,55.1991599583439 25.1333204397561 0,55.1997541384546 25.1340702335456 0,55.2003384090839 25.1348200340614 0,55.2009325938809 25.1355788593514 0,55.2015168788718 25.1363286460994 0,55.2021110782296 25.1370874665687 0,55.2026953775737 25.1378372485753 0,55.2032895914938 25.1385960642229 0,55.2038739051925 25.139345841487 0,55.2044681336763 25.1401046523119 0,55.2052819030111 25.1395727463142 0,55.2060956467092 25.1390408368934 0,55.2069093932833 25.1385089229461 0,55.2077231328165 25.137977004464 0,55.2085368653089 25.1374450814474 0,55.2093605076401 25.1369131621942 0,55.2101742260086 25.1363812300551 0,55.2109879373366 25.1358492933825 0,55.2118016416243 25.1353173521767 0,55.2126153388717 25.1347854064381 0,55.2134290202643 25.1342624834638 0,55.2142427034915 25.1337305286613 0,55.2141734009973 25.1336131179882 0,55.2139654679836 25.1332879676606 0,55.2137575360772 25.1329628080037 0,55.2135297721803 25.1326376500671 0,55.213302000673 25.1323215100424 0,55.2130643138517 25.132005361611 0,55.2128266193944 25.1316982400892 0,55.2125790096895 25.131391110098 0,55.2123214759168 25.1310929988885 0,55.2120639433931 25.130794887224 0,55.2117964868231 25.1305057942737 0,55.2115191151717 25.1302166926839 0,55.2112417358518 25.1299366178698 0,55.2109643577963 25.1296565425309 0,55.210667139447 25.1293854775552 0,55.2103699224095 25.1291144119786 0,55.2100726976248 25.1288523731033 0,55.2097655488193 25.1285993526627 0,55.209428670929 25.1283282521096 0,55.2084179543832 25.1276052188633 0,55.2073973429343 25.1268731429712 0,55.2063767343333 25.1261500873305 0,55.2055047642976 25.1255354806439 0,55.2046328029967 25.1249208688111 0,55.2037509440927 25.1242972158588 0,55.2028790003747 25.1236825936764 0))
A35: 35 | B35: 956 | C35: Sector 9 | D35: AL HATHMAH | E35: 44 | F35: 82.256582 | G35: =E35/F35 -> 0.5349116 | H35: =VLOOKUP(A35,ref!$A$2:$C$220,2,0) -> POLYGON Z ((55.3827927310936 24.8005974512482 0,55.4423354398026 24.8535515537614 0,55.4520200462031 24.8484371707892 0,55.4715926538783 24.8418899303889 0,55.478815764239 24.8382376257657 0,55.4877199017797 24.8317986452712 0,55.4938411301995 24.826132494477 0,55.4977165975167 24.821774672879 0,55.5011313347769 24.8172773019351 0,55.5081925898192 24.8040175426193 0,55.5134070861752 24.7884049427363 0,55.513411940482 24.7883904203444 0,55.4902454576782 24.7716898181996 0,55.4615857279674 24.7715566381452 0,55.436619308167 24.769921611141 0,55.4094929915058 24.7645289735031 0,55.4094929927404 24.7645289712455 0,55.4094929606072 24.7645289712619 0,55.3827927310936 24.8005974512482 0))
A36: 36 | B36: 364 | C36: Sector 3 | D36: AL QOUZ IND. FIRST | E36: 40479 | F36: 4.8253985 | G36: =E36/F36 -> 8388.7373 | H36: =VLOOKUP(A36,ref!$A$2:$C$220,2,0) -> POLYGON Z ((55.2356156025 25.155438754953 0,55.2364194195974 25.1548976461841 0,55.2372232296112 25.1543565329916 0,55.2380369437846 25.1538244490386 0,55.2388407396474 25.1532833269471 0,55.2396544465954 25.1527422067068 0,55.2404582282484 25.1522010757167 0,55.2412619960445 25.1516689675884 0,55.2420756816295 25.1511278338669 0,55.2428794420563 25.1505866805317 0,55.2436831887918 25.1500545681165 0,55.2444968530149 25.1495134209167 0,55.2453005922032 25.148972263294 0,55.2461043178926 25.1484401285402 0,55.2469179607547 25.147898967865 0,55.2467296822155 25.1476731755682 0,55.2461252312388 25.146923564564 0,55.2455207876522 25.1461739329827 0,55.244916357939 25.1454152806143 0,55.2443119291434 25.1446656530155 0,55.2437075176412 25.1439160229009 0,55.2431031003156 25.1431573629583 0,55.2424986936912 25.1424077277944 0,55.2418942912487 25.1416490628073 0,55.2412899093353 25.1408994226071 0,55.2406855248788 25.1401497798803 0,55.24008115466 25.1393910983077 0,55.2394767849882 25.1386414595674 0,55.2388724296416 25.1378827819802 0,55.2382680747667 25.1371331291727 0,55.2376637272642 25.1363834738461 0,55.2370593942116 25.1356247886984 0,55.2364550614969 25.1348751283334 0,55.2358507433198 25.1341164381464 0,55.2351869834992 25.1332945149136 0,55.2345232299012 25.1324635613315 0,55.2338595051087 25.131632604724 0,55.2331957720113 25.1308106723787 0,55.2325320551971 25.1299797096892 0,55.2315795642512 25.1306109706508 0,55.2306270710742 25.1312331981005 0,55.2296745606376 25.1318644466502 0,55.2287220404203 25.1324956889926 0,55.2278984957181 25.13304577118 0,55.2270650270286 25.1335958416148 0,55.2262315508811 25.1341459072965 0,55.2254079839815 25.1346959754477 0,55.2245744929618 25.1352460316781 0,55.2237409944836 25.1357960831544 0,55.2229174053855 25.1363461372663 0,55.2220838920343 25.1368961792892 0,55.2212602881595 25.1374462150309 0,55.2204267516334 25.1380052748935 0,55.21959321588 25.1385553117322 0,55.2187695897358 25.1391053424557 0,55.217936039125 25.1396553517829 0,55.2184410595278 25.1404591828005 0,55.2189460865374 25.1412630030056 0,55.2194511018537 25.1420758487069 0,55.2199561520155 25.1428796653477 0,55.2204611988595 25.1436834801952 0,55.2209563364604 25.144496313028 0,55.2214613865589 25.1453001243285 0,55.2219664531755 25.1461039338501 0,55.2224715182388 25.1469167688695 0,55.2229765980948 25.147720574817 0,55.2234816845528 25.1485243789776 0,55.2239867695689 25.1493372086328 0,55.2245512969627 25.1502313257432 0,55.2251059065781 25.1511344516273 0,55.2256704424307 25.1520376006163 0,55.2262349944639 25.1529317110656 0,55.2267995468694 25.1538348465593 0,55.2273541892425 25.1547379727208 0,55.227948482342 25.1556772340598 0,55.2285427768115 25.1566255201985 0,55.2288498421575 25.1571041829743 0,55.2291668437834 25.157564797521 0,55.2294937587366 25.1580344455962 0,55.229820683807 25.1584950656557 0,55.2301575299968 25.1589556918838 0,55.2302070777988 25.159009890061 0,55.2308620495502 25.1586041172657 0,55.2317552205325 25.1580089322779 0,55.2326582914822 25.1574137485647 0,55.2335514649376 25.1568185526068 0,55.2344445999797 25.1562233511675 0,55.2346430706203 25.1560971016252 0,55.2346331594451 25.1560880677386 0,55.2348018598901 25.1559798526993 0,55.2356156025 25.155438754953 0))
A37: 37 | B37: 672 | C37: Sector 6 | D37: AL BARSHA SOUTH SECOND | E37: 8371 | F37: 4.7673533 | G37: =E37/F37 -> 1755.9009 | H37: =VLOOKUP(A37,ref!$A$2:$C$220,2,0) -> POLYGON Z ((55.2498666594886 25.0702926073118 0,55.2498375981438 25.0692995781905 0,55.2498085372428 25.0683065489318 0,55.2487975784167 25.068305976752 0,55.2477866097103 25.0683053976826 0,55.2467855722185 25.0683048175188 0,55.2457746134866 25.068304224755 0,55.2447735661466 25.0683036310197 0,55.2437626173907 25.0683030245617 0,55.2427516488451 25.068302411208 0,55.2417506016029 25.0683017970905 0,55.2407396430355 25.0683011700426 0,55.2397286845022 25.0683005361109 0,55.238727637361 25.0682999016114 0,55.2377166788968 25.0682992539795 0,55.2367156318247 25.0682986059142 0,55.235704673431 25.0682979445822 0,55.2346937150732 25.0682972763665 0,55.2345450618815 25.068288150142 0,55.2343963888896 25.0682790237556 0,55.234247733094 25.0682608698435 0,55.2340990846161 25.0682336883993 0,55.2339603376416 25.0682065134339 0,55.2338117064993 25.0681703043254 0,55.2336729914853 25.0681160469481 0,55.2335342692792 25.0680708168245 0,55.2334054731576 25.0680075384756 0,55.2332667658411 25.0679442533352 0,55.2331379773334 25.0678719473704 0,55.2330191076451 25.067790620607 0,55.2329002381139 25.0677092937479 0,55.2327912874106 25.0676189461216 0,55.2326823442514 25.0675195620035 0,55.2325833125383 25.0674202025853 0,55.2325634973538 25.0674111617489 0,55.2318505096481 25.0666523844517 0,55.2311276120848 25.0659026061895 0,55.2304146419544 25.0651438128713 0,55.2296917619679 25.0643940365495 0,55.2295630325048 25.0642585357592 0,55.2294243846839 25.064132064335 0,55.2292758261537 25.0640055677803 0,55.2291272602849 25.0638881074904 0,55.2289786946995 25.0637706470509 0,55.2288102921174 25.0636712272852 0,55.2286518084526 25.0635627869279 0,55.2284833987361 25.063472394178 0,55.2283050783083 25.0633819942272 0,55.2281366613859 25.0633006284713 0,55.2279484227952 25.0632192484578 0,55.2277700799223 25.0631559300272 0,55.2275818262981 25.0630926043246 0,55.2273935651132 25.0630382967439 0,55.2272052941686 25.0629840069722 0,55.2270566635459 25.0629568184908 0,55.2260558488803 25.0627394413905 0,55.2250451189486 25.0625310777109 0,55.2240443033344 25.0623227144519 0,55.2230335802765 25.062114337092 0,55.2220228606645 25.0619059528586 0,55.2210220553196 25.0616975692478 0,55.2207136975958 25.0629250611509 0,55.2204053336868 25.0641525431619 0,55.2203158115176 25.0645045523043 0,55.2202163777662 25.0648565447968 0,55.2201070505483 25.0651995022713 0,55.2199877834676 25.0655514704217 0,55.2198685339115 25.0658944291376 0,55.2197393808352 25.0662283437483 0,55.2196003075082 25.0665712780187 0,55.2194513305096 25.0669051771578 0,55.2193023527002 25.0672390761297 0,55.2191434627868 25.0675729673117 0,55.2189746690707 25.0678978232925 0,55.2188058744614 25.0682226790641 0,55.2186172562164 25.0685475193114 0,55.2184286453959 25.0688633319233 0,55.2182400336057 25.0691791442787 0,55.2180316064026 25.0694859136069 0,55.2178231781592 25.069792682626 0,55.2176147488754 25.0700994513361 0,55.2173865040095 25.070397176881 0,55.2171582665543 25.0706858746837 0,55.2168307928087 25.0711008776202 0,55.2174843114301 25.0717874700037 0,55.2181477405778 25.0724830945374 0,55.2188012738689 25.0731696810479 0,55.2194647262426 25.0738562722471 0,55.2201182741571 25.0745428528843 0,55.2207817330138 25.075238465493 0,55.2214352956004 25.0759250402551 0,55.222088865472 25.0766116121013 0,55.2227523547059 25.0772981884161 0,55.2234059392038 25.0779847543862 0,55.2240694351715 25.0786803430773 0,55.2242873194029 25.0788881419351 0,55.2245052043777 25.0790959314424 0,55.224742930492 25.0792856803976 0,55.2249905775375 25.0794664088384 0,55.2252481455037 25.0796381167159 0,55.2255156343837 25.0798007949516 0,55.2257930520211 25.0799454432078 0,55.2260704781934 25.0800810455233 0,55.2263578329657 25.0801986177861 0,55.2266551084408 25.0803071602236 0,55.2269623123728 25.0803976544372 0,55.2272596122022 25.0804791135647 0,55.2275767448654 25.0805515588583 0,55.2278839887572 25.0805969143325 0,55.2282011529358 25.0806332488265 0,55.2285183249908 25.0806605552764 0,55.2288355125159 25.0806698063152 0,55.2298465722784 25.080670514746 0,55.2308675444302 25.0806712231329 0,55.231878604269 25.0806719177208 0,55.2328995764972 25.0806726121292 0,55.2339106364108 25.0806732928742 0,55.2349316087137 25.080673973304 0,55.2359426615585 25.080683667575 0,55.2369636340095 25.0806843340265 0,55.2379746941424 25.0806849870862 0,55.2389956666652 25.0806856395591 0,55.2400067268684 25.0806862787759 0,55.2410276994614 25.0806869172702 0,55.2420387597334 25.0806875426441 0,55.2430597323951 25.0806881671599 0,55.2440707927344 25.0806887786909 0,55.2450917654633 25.0806893892281 0,55.2454585097766 25.080707661575 0,55.2460234949974 25.0807350771441 0,55.2465884677539 25.0807805453058 0,55.2471534282945 25.0808440660605 0,55.2477183768676 25.0809256394085 0,55.2488383638904 25.0810887740131 0,55.249958347793 25.0812609275417 0,55.2499782765221 25.0811074733594 0,55.250067970446 25.0803943610337 0,55.2500979516071 25.0800332827996 0,55.2501279325891 25.0796722045414 0,55.2501380888977 25.0793111151482 0,55.2501482451374 25.078950034764 0,55.2501388209669 25.0782278301935 0,55.2501097557532 25.0772348021763 0,55.2500707789836 25.0762417684621 0,55.2500417147379 25.0752487401685 0,55.2500027390961 25.0742557061739 0,55.2499736758181 25.0732626776039 0,55.2499346913922 25.0722696433232 0,55.2499056489052 25.0712766144881 0,55.2498666594886 25.0702926073118 0))
A38: 39 | B38: 721 | C38: Sector 7 | D38: AL AWIR SECOND | E38: 6667 | F38: 52.40016 | G38: =E38/F38 -> 127.23244 | H38: =VLOOKUP(A38,ref!$A$2:$C$220,2,0) -> POLYGON Z ((55.6416556523731 25.1514597514218 0,55.64165330302 25.1514597393864 0,55.613340808297 25.1512934149185 0,55.614645313696 25.143138691154 0,55.5959295628361 25.142676717494 0,55.593877874339 25.142664072844 0,55.5931859236609 25.1426590503123 0,55.5921941880465 25.1426517592474 0,55.5911925153866 25.1426444788388 0,55.590190852698 25.1426371916395 0,55.589199107329 25.142629880539 0,55.5885367529973 25.1426310230003 0,55.585798778995 25.142614003635 0,55.5852023931314 25.1426096475405 0,55.5842106479676 25.1426023030417 0,55.5832089855935 25.1425949686302 0,55.5822073232763 25.1425876274453 0,55.5817049244264 25.1425884705671 0,55.577719696088 25.1425635118262 0,55.5772188650269 25.1425598144938 0,55.5762271202716 25.1425524255714 0,55.5752254582712 25.1425450281474 0,55.5742337136175 25.1425376168516 0,55.5737344683642 25.1425384278147 0,55.569686384716 25.142512849408 0,55.5692452568014 25.1425095353829 0,55.5682435852539 25.1425020997903 0,55.5672419336033 25.1424946573929 0,55.5662501893688 25.1424871926466 0,55.5657639951608 25.1424879562297 0,55.5616146362752 25.1424615126733 0,55.5612617340992 25.1424588423284 0,55.5602600729038 25.1424513527355 0,55.5592584117735 25.1424438563693 0,55.5589321930205 25.1424443534857 0,55.5535428908818 25.1424097361089 0,55.5532782143727 25.1424077190066 0,55.552276553635 25.1424001754294 0,55.5512848102388 25.1423926104895 0,55.5509617451385 25.142393085415 0,55.5454858165771 25.142357616068 0,55.5452946978055 25.1423561654202 0,55.5442930276159 25.142348558846 0,55.5433012946372 25.1423409494697 0,55.5429912905547 25.1423413885021 0,55.5374067389527 25.1423049075697 0,55.5373111845813 25.1423041815717 0,55.5363095248284 25.142296530027 0,55.536159486372 25.1422967355135 0,55.5293276748838 25.1422517674638 0,55.5283359329336 25.1422440488827 0,55.5283359042669 25.1422260034012 0,55.5283268879497 25.1423062225913 0,55.5282624640827 25.1427489506726 0,55.5282474913348 25.1428129376264 0,55.5272724268122 25.1470298983783 0,55.5253045451073 25.1506975318408 0,55.522164885792 25.1535180740333 0,55.5206327913211 25.1547207626565 0,55.5206095999887 25.1547387291518 0,55.5198269782843 25.1553535704629 0,55.5195694074905 25.1555555003945 0,55.5182716359874 25.1565742010061 0,55.5167162492137 25.1577857879472 0,55.5127335512996 25.1609050703035 0,55.5121390290991 25.1613210431811 0,55.5114751101694 25.1617641789389 0,55.5113345216348 25.1618473445988 0,55.5130062062132 25.1629475441853 0,55.5131774719053 25.1630521787731 0,55.5133563492547 25.1631456823301 0,55.5135419547772 25.1632276045419 0,55.5137333852081 25.1632975402579 0,55.5139297076239 25.1633551565858 0,55.5141299693096 25.1634001567705 0,55.5143331978528 25.1634323433859 0,55.5144079110109 25.1634411890118 0,55.5145158731804 25.1634503459795 0,55.5146241275841 25.1634558825825 0,55.5147325353999 25.1634578350993 0,55.5147481181463 25.163457816007 0,55.5175103943663 25.1634505059169 0,55.5176940650569 25.1634573005303 0,55.5178775328876 25.1634676970418 0,55.5180607185225 25.163481695551 0,55.518243522774 25.1634992871555 0,55.5184258762251 25.1635204719433 0,55.5186076796607 25.1635452229583 0,55.5187888537578 25.1635735493293 0,55.5189693092199 25.1636054240885 0,55.5191489766016 25.1636408292711 0,55.5193277567278 25.1636797650045 0,55.5195055602871 25.1637221952951 0,55.5196823376849 25.1637681111813 0,55.5198579698657 25.1638174857351 0,55.5200324072203 25.1638703009684 0,55.5202055406114 25.1639265299412 0,55.5203773005772 25.1639861456641 0,55.5205476077223 25.1640491121331 0,55.5207163826925 25.1641154204262 0,55.5208835460777 25.1641850255128 0,55.521049018481 25.1642578913901 0,55.5212127304652 25.1643340091242 0,55.5213745926441 25.1644132975894 0,55.5215345355931 25.1644957568796 0,55.521692489818 25.1645813419532 0,55.5218483759045 25.1646700077812 0,55.5218502820772 25.1646711157056 0,55.5238697863012 25.1658411879305 0,55.527282413279 25.1676433789442 0,55.530096755957 25.168962995477 0,55.5319470404481 25.1697458402333 0,55.5321238433294 25.1698298721851 0,55.5322987669019 25.1699170840374 0,55.5324717714385 25.1700074397411 0,55.5326427477896 25.1701009123682 0,55.5328116562121 25.1701974568428 0,55.5329784173135 25.1702970461972 0,55.5331429715103 25.1703996353828 0,55.5333052492985 25.1705051793644 0,55.5334651911079 25.170613642121 0,55.5334931762521 25.1706330850605 0,55.5343960073906 25.1713102944413 0,55.5345731754051 25.1714572517941 0,55.5347877548675 25.1716307612819 0,55.5350049591771 25.1718015496779 0,55.5352247387021 25.1719695989838 0,55.5354470437504 25.1721348550928 0,55.535671844543 25.1722973090074 0,55.5358990814814 25.1724569156615 0,55.5361287346896 25.1726136570171 0,55.5411912914457 25.1758798448281 0,55.5443622407288 25.1782292878478 0,55.544455754762 25.1782962448026 0,55.5445516646192 25.1783603185937 0,55.5446498710177 25.1784214642222 0,55.5447502646602 25.1784795825401 0,55.5448527363267 25.1785346195359 0,55.5449571569716 25.1785865302539 0,55.5450634272468 25.178635233587 0,55.5451714280256 25.1786806845659 0,55.5452810302605 25.1787228382355 0,55.5453011512465 25.1787301575776 0,55.5461042733689 25.1790040194421 0,55.5461574372487 25.1790218439802 0,55.546290024634 25.1790635666436 0,55.5464238560949 25.1791018570519 0,55.5465588224671 25.1791366973047 0,55.5466948145545 25.1791680514476 0,55.5468317231605 25.1791958835264 0,55.5469694490556 25.1792201846546 0,55.5471078731539 25.1792409369478 0,55.5472468862735 25.1792581134801 0,55.5506313176574 25.1796320100923 0,55.5518206683448 25.1795400048301 0,55.5519421302377 25.1795275935778 0,55.5520630897107 25.1795116081897 0,55.5521834177901 25.1794920488578 0,55.5523029855667 25.1794689518832 0,55.5524216640993 25.1794423355131 0,55.5525393343674 25.1794122179805 0,55.552655857575 25.1793786536567 0,55.5527711345429 25.179341660746 0,55.5528850264437 25.179301275566 0,55.5529974143397 25.1792575614871 0,55.553108189133 25.179210536729 0,55.5532172219829 25.1791602737047 0,55.5533244137616 25.1791068177013 0,55.5534296355811 25.1790502140506 0,55.5535327784434 25.1789905351367 0,55.5536337432714 25.1789278533291 0,55.5536645097219 25.1789078664003 0,55.5544281489499 25.1784064570958 0,55.5545302338978 25.1783438181393 0,55.5546344867996 25.1782841999893 0,55.5547407986523 25.1782276659949 0,55.5548490604695 25.1781742885325 0,55.5549591532805 25.1781241038849 0,55.5550709680841 25.1780771754019 0,55.5551843760069 25.178033548409 0,55.5552992779529 25.1779932772143 0,55.5554155450172 25.1779563890897 0,55.5555330582482 25.1779229293464 0,55.5556516986623 25.177892925242 0,55.5557713274684 25.1778664221184 0,55.5558091690027 25.1778588094558 0,55.555918166568 25.1778340915296 0,55.5560280633145 25.1778129018133 0,55.5561387104493 25.1777952405287 0,55.5562499691818 25.1777811530193 0,55.5563617105925 25.1777706575324 0,55.5564737858729 25.1777637452641 0,55.5565860661368 25.1777604525168 0,55.5566983926391 25.1777607614752 0,55.5568106463647 25.1777646813459 0,55.5569226785049 25.1777722033268 0,55.5570343402678 25.1777833276432 0,55.5571455125719 25.1777980273943 0,55.5572560366883 25.177816293794 0,55.5573657836151 25.1778380999573 0,55.5574746144299 25.1778634190146 0,55.5575824001136 25.1778922150545 0,55.5576890017432 25.1779244612081 0,55.5577942803786 25.1779601215797 0,55.5578981069498 25.1779991331773 0,55.5580003623559 25.178041460076 0,55.5581009076057 25.1780870392993 0,55.5581996235805 25.1781358258956 0,55.5582963812078 25.1781877568741 0,55.5583910712548 25.1782427692141 0,55.5584370735862 25.1782710717986 0,55.5630042691925 25.1809475657104 0,55.566226968653 25.1827817690587 0,55.5698232310892 25.1850126100326 0,55.5744393673336 25.1880105142991 0,55.5751807506835 25.1884569901811 0,55.576133778603 25.1889752153448 0,55.5780460333416 25.1898894356015 0,55.5792678363096 25.1904606455408 0,55.5811372698205 25.1914249342927 0,55.5820472276603 25.1918892826204 0,55.5834498315334 25.1924826854282 0,55.584335455293 25.1927758509781 0,55.5866047295951 25.1932706541899 0,55.5876320310811 25.1933853966908 0,55.5887307313626 25.1934251734154 0,55.5919255369316 25.1934263214121 0,55.5930242862021 25.1934557300239 0,55.5946128369854 25.1935459399081 0,55.5960012729405 25.1936722629064 0,55.6027452546143 25.194606670368 0,55.6058927556317 25.19167104319 0,55.6059322175068 25.1916331827013 0,55.6059916779393 25.191571841756 0,55.6060481071384 25.1915081683346 0,55.6061013962742 25.1914422980489 0,55.6061514364771 25.1913743484564 0,55.6061981288399 25.1913044551503 0,55.6062413942984 25.1912327536874 0,55.6064428927982 25.1908805564715 0,55.6074310446629 25.1898612392141 0,55.6074522430296 25.1898421435566 0,55.6075472910295 25.1897596214605 0,55.6076450334308 25.1896797392721 0,55.6077453910886 25.1896025964319 0,55.6078482648751 25.1895282292273 0,55.6079535458635 25.1894567281272 0,55.6080611647108 25.1893881383911 0,55.6081710026116 25.189322568561 0,55.6082829703013 25.1892600278249 0,55.6083969687571 25.1892005976069 0,55.6085128790339 25.1891443232595 0,55.6086306119706 25.1890912591071 0,55.6087500387024 25.1890414505213 0,55.6088710799906 25.1889949518086 0,55.6089935970506 25.1889518083595 0,55.6091175006427 25.1889120383913 0,55.6092426619248 25.1888756963036 0,55.6093689718362 25.1888428093783 0,55.6094963113961 25.1888134049162 0,55.6096245814861 25.1887875192083 0,55.6097536432636 25.1887651705659 0,55.6098833876289 25.1887463682182 0,55.6100136956228 25.1887311484943 0,55.6101444482251 25.1887195206427 0,55.6102755363166 25.1887114848664 0,55.6104068210353 25.1887070504516 0,55.6105382032035 25.1887062266107 0,55.6106695439596 25.1887090226309 0,55.6108007440646 25.1887154206439 0,55.6109316547155 25.1887254209293 0,55.6110621866144 25.1887390146282 0,55.611192200838 25.188756183948 0,55.6113215882464 25.1887769200679 0,55.6330289537643 25.1925529524329 0,55.6330704669633 25.1923552997643 0,55.6343954986747 25.1860553368703 0,55.6416556523731 25.1514597514218 0))
A39: 40 | B39: 129 | C39: Sector 1 | D39: PORT SAEED | E39: 15878 | F39: 2.7021234 | G39: =E39/F39 -> 5876.1196 | H39: =VLOOKUP(A39,ref!$A$2:$C$220,2,0) -> POLYGON Z ((55.3328353030823 25.2620644744894 0,55.3336294542108 25.2610173243216 0,55.3345625969754 25.2618658726748 0,55.3354957527112 25.2627144150322 0,55.3364289214188 25.263562951393 0,55.3367068464173 25.2622720614801 0,55.3369847655401 25.2609811708189 0,55.3372329019802 25.2598076333242 0,55.3372825246081 25.2594465364331 0,55.3373222204355 25.2590944849948 0,55.3373420645587 25.2588056151948 0,55.3373221885872 25.2581195511893 0,55.3372625980331 25.2571807365457 0,55.3370243243781 25.2560523377531 0,55.3368059108804 25.2550232458272 0,55.3365974274535 25.2539941532154 0,55.336468347556 25.2525588357602 0,55.3364980882476 25.2510874058989 0,55.33670649682 25.249615971766 0,55.3370836420117 25.2481806415688 0,55.337331766286 25.2474584608154 0,55.3377386932515 25.2465376769749 0,55.3381456137286 25.2456078647186 0,55.3385426027663 25.2446870787574 0,55.3389495109645 25.2437572640555 0,55.3393564134161 25.2428364753009 0,55.3397533843292 25.2419156857436 0,55.3401602740896 25.2409858673612 0,55.3405175382766 25.2401734036004 0,55.3405869969207 25.2398664758294 0,55.3406762904615 25.2393067857568 0,55.3406961065901 25.2387380628504 0,55.3406563719172 25.2381693609158 0,55.3405471627481 25.2376096804984 0,55.3403784055468 25.2370680571915 0,55.3401401760589 25.2365444912525 0,55.3398523249315 25.2360389814746 0,55.3395049286736 25.2355695823721 0,55.3390979876631 25.2351362935321 0,55.3386811374052 25.2347661942627 0,55.3386477789974 25.2347417046889 0,55.3385645465776 25.2346753848643 0,55.3385352495162 25.2346990190928 0,55.3384744379356 25.2346467176585 0,55.3383337581706 25.2347571792331 0,55.338115417999 25.2349106487576 0,55.3379665495258 25.2350189798258 0,55.3380459521334 25.2351182764446 0,55.3379963319884 25.235226604341 0,55.3379764836315 25.2352627137397 0,55.337976485346 25.2353078497065 0,55.3379764867176 25.2353439584798 0,55.3379963378423 25.2353800576005 0,55.3380062640997 25.2354161750871 0,55.3380062654801 25.2354522838598 0,55.3379864174332 25.2354974204519 0,55.3379467202731 25.2355606120482 0,55.3378673261647 25.2356960224001 0,55.3378077803853 25.2357953233363 0,55.3377780066388 25.2358224058131 0,55.3376886849982 25.2358946260145 0,55.3376589108819 25.2359126903016 0,55.337619212151 25.2359397549818 0,55.3375894386421 25.2359758736399 0,55.3375197498964 25.2360949533266 0,55.3374290690838 25.2361939300048 0,55.3373928049863 25.2362434180734 0,55.3373429338874 25.2362970409567 0,55.3372718529644 25.2363459973314 0,55.3371428401604 25.2364001638664 0,55.3370634313854 25.2364272474685 0,55.3369939571937 25.2364453035901 0,55.3369542573408 25.2364453045683 0,55.3368847823359 25.2364362790627 0,55.336835167707 25.2364453074389 0,55.3367855334758 25.2364633629908 0,55.3367259846896 25.2364994641107 0,55.3366565113891 25.236553637868 0,55.3365969627621 25.2365987751544 0,55.3365175646027 25.236661967229 0,55.3364480911171 25.2367161318599 0,55.3362892946282 25.2368515429955 0,55.3362098963581 25.2369237620941 0,55.3361106485935 25.2370230630976 0,55.3360709493615 25.2370591635763 0,55.3360114004699 25.237113336842 0,55.3359518511386 25.2371494466739 0,55.3358823767487 25.2371855566532 0,55.3357732031137 25.2372668032155 0,55.3357533539477 25.2373119485238 0,55.3357136546921 25.237357076096 0,55.3356739554073 25.2374022126844 0,55.3356342458283 25.2374292948804 0,55.3354953059478 25.2374744329326 0,55.3354159061885 25.2375105428359 0,55.3353662813903 25.237537625099 0,55.3353166567165 25.2375737345359 0,55.3353067319533 25.2375917980772 0,55.3352074841582 25.2377723341515 0,55.3351777097625 25.237826497668 0,55.3351380105271 25.237898706653 0,55.3350685366245 25.2380160699841 0,55.3350089873173 25.2381063425714 0,55.3349196629574 25.2382236970258 0,55.3348402630978 25.2383049425648 0,55.3346616129053 25.2384764608812 0,55.3345524374857 25.2385757609062 0,55.3344432621347 25.2387021424168 0,55.3343837119539 25.2387833875546 0,55.3343043115179 25.2388826871774 0,55.3342447610894 25.2389549050684 0,55.3341852105906 25.2390271229347 0,55.3341256599628 25.2390903135875 0,55.3340661193069 25.239171558593 0,55.3339867083872 25.2392618308514 0,55.3339470078913 25.2393159941527 0,55.3339073074026 25.2393791846312 0,55.3338080559838 25.2395326471845 0,55.333758440059 25.2395958376527 0,55.3336889538891 25.239695136905 0,55.3336294027229 25.2397763817279 0,55.3335897019016 25.2398305539566 0,55.3335301506035 25.2399117897108 0,55.3334606739842 25.2400020616638 0,55.3334110477697 25.240074279199 0,55.3333316457047 25.2401826054691 0,55.3333217204362 25.2402006598434 0,55.3332522434928 25.2402999588822 0,55.3332026170245 25.2403812035315 0,55.3331629158427 25.2404173032124 0,55.3330835133347 25.2405256383713 0,55.333063662626 25.2405798014582 0,55.3330338865963 25.2406339645221 0,55.3329743344576 25.2407422906309 0,55.3329346330027 25.2408054808359 0,55.332875080794 25.2408867253425 0,55.3328353891661 25.2409499245468 0,55.3327956776465 25.2410131056854 0,55.3327261996792 25.2411394860246 0,55.3326765725688 25.2412117033019 0,55.33260709458 25.2413019748376 0,55.3325177650959 25.2414915452758 0,55.3324681375915 25.241581816851 0,55.3324284356688 25.2416359797271 0,55.3323589571116 25.241744305512 0,55.3322894782769 25.2418706856332 0,55.3322497660157 25.2419519300149 0,55.3322001478005 25.2420692920771 0,55.3321902219584 25.2421144188988 0,55.3321505190405 25.2422407991758 0,55.3321207422013 25.2422949620435 0,55.3321108164017 25.2423310707009 0,55.3320711136111 25.2424303693989 0,55.332031410852 25.2425206409003 0,55.3319817824705 25.242619939484 0,55.3319619307306 25.2426921567761 0,55.3319420695556 25.2427192381433 0,55.3319222283271 25.2427372923237 0,55.3318924511592 25.242800482326 0,55.331872599553 25.2428546452361 0,55.3318527477104 25.2429268625112 0,55.3318527471635 25.2429719984313 0,55.331872597071 25.2430622704683 0,55.3318130436179 25.2430983786029 0,55.3317832666492 25.2431344870287 0,55.3317634150563 25.2431796227379 0,55.3317435630963 25.2432518399952 0,55.3317435625091 25.2432969759133 0,55.3317534873285 25.2433511391212 0,55.3317931887422 25.2434053026415 0,55.3318725923227 25.2434594665486 0,55.3318925819866 25.243489942516 0,55.3320219509826 25.2435302049588 0,55.3319916970325 25.2436129297946 0,55.3319718458412 25.2436219567961 0,55.3319519942388 25.2436670925277 0,55.3319222175895 25.2436670922463 0,55.3319023665956 25.2436580648721 0,55.3318725900565 25.2436490373975 0,55.3318428134116 25.2436490371001 0,55.3318229622034 25.2436580640816 0,55.331813036542 25.2436670911629 0,55.3317931852149 25.2436851453236 0,55.3317634080973 25.2437212537425 0,55.3317435567541 25.2437393078963 0,55.3317336307258 25.2437754074942 0,55.3317237046915 25.2438115251455 0,55.3317038529666 25.2438566608425 0,55.331693927038 25.2438837422814 0,55.3316840013488 25.2438927693538 0,55.3316840009833 25.2439198509024 0,55.3316840007396 25.243937905268 0,55.3316939260691 25.2439559597441 0,55.3317038514015 25.2439740142195 0,55.3317336277711 25.2440010960932 0,55.3317931806635 25.2440462326397 0,55.3318626592929 25.2440823420784 0,55.3318825103527 25.2440913694573 0,55.3319122970309 25.2440913697469 0,55.3319420539325 25.2440913700301 0,55.3321306504027 25.2440462357728 0,55.3321505011269 25.2440913718463 0,55.3321902035483 25.2440823449763 0,55.3322100547983 25.2440733179459 0,55.3322398317082 25.2440552547768 0,55.3322497476039 25.2440281913562 0,55.3322596833467 25.2440011008534 0,55.3322596835846 25.2439740193051 0,55.3322398326776 25.2439469376111 0,55.3322001308062 25.2439018013978 0,55.3321802799241 25.2438747196955 0,55.3321604291374 25.2438386108076 0,55.3321604293108 25.2438205564417 0,55.3321505040981 25.2437844476306 0,55.3321306533348 25.2437483477654 0,55.3321108025834 25.243712229843 0,55.3320611750982 25.2436851478746 0,55.3320313985407 25.243676120432 0,55.3320115475373 25.2436670930726 0,55.3320214734748 25.2436309844284 0,55.3320115480256 25.2436219571567 0,55.3320468540465 25.24354090239 0,55.3321610072478 25.2435855788701 0,55.3321893643184 25.2436076054195 0,55.3322170463126 25.243645980187 0,55.3322903754292 25.2437435104093 0,55.3323588610127 25.2438378900752 0,55.332313897989 25.2438643123362 0,55.3324231969977 25.2440417513551 0,55.3324557124709 25.2441430545953 0,55.3325200500723 25.2441524883693 0,55.3324972204077 25.2442707804411 0,55.3324743907387 25.244383403437 0,55.3324709363562 25.2444217869958 0,55.3324771593969 25.2444670854323 0,55.3324992930926 25.2445293731156 0,55.3325331984866 25.2446092909458 0,55.3325615557426 25.244650184231 0,55.3327393527692 25.2448100022805 0,55.3323796050132 25.2451642540808 0,55.3325975319024 25.2453555232424 0,55.3325414893494 25.2456833359992 0,55.3323297939684 25.2456543845441 0,55.3323353228516 25.2456223019813 0,55.3323490012484 25.245526695201 0,55.3322433123918 25.2455260354747 0,55.3322433121056 25.2455581180755 0,55.3321478367952 25.2455549758811 0,55.3320668922035 25.2456015374079 0,55.3319963314479 25.2455014885408 0,55.3318130144144 25.2454454460285 0,55.331298280373 25.2452932144795 0,55.3313167332789 25.2452287877404 0,55.3313068080515 25.2452017060608 0,55.331286957005 25.2451836514245 0,55.3313068092493 25.2451294886103 0,55.3316442806076 25.2452287918489 0,55.3316442802332 25.2452558733926 0,55.3316343442521 25.2452829548222 0,55.3316542060361 25.2452468463245 0,55.3316740575149 25.2452378193677 0,55.3317137601047 25.2452468469895 0,55.3317137597457 25.2452739285331 0,55.3317038335838 25.2453100371486 0,55.3317336113427 25.2452558743871 0,55.3318527190511 25.2452919843537 0,55.3318527188323 25.245310038716 0,55.3318427927085 25.2453461473406 0,55.3319222005958 25.2451385229525 0,55.3319023493629 25.2451294955801 0,55.3318527193792 25.2452649028102 0,55.3317336116973 25.2452287928434 0,55.3318130196938 25.2450211685106 0,55.3317931684881 25.2450121411235 0,55.331713760344 25.2452287926271 0,55.3315748015209 25.2451836551318 0,55.331644283977 25.2449850579515 0,55.3316244326634 25.2449850577232 0,55.3315549501749 25.2451836548941 0,55.33143584266 25.245147553714 0,55.3314854730582 25.2450121375948 0,55.3314656217402 25.2450121373451 0,55.3314159914618 25.2451385172492 0,55.3313266509573 25.2451114345184 0,55.3313663655859 25.2449850545122 0,55.3314457741875 25.2447684031883 0,55.3315648813356 25.2448045133894 0,55.3315748072376 25.2447864591443 0,55.3314556999654 25.244759376133 0,55.3314854782461 25.2446691046898 0,55.3316839901382 25.2447232701311 0,55.3316839903819 25.2447052157673 0,55.3314854785192 25.2446510503259 0,55.3315053303189 25.2446149328179 0,55.3315053309941 25.244569805935 0,55.3315251821067 25.2445788333614 0,55.3315549589782 25.2445788337229 0,55.3315946616019 25.2445698070135 0,55.3316442902166 25.244533698861 0,55.3316740673222 25.2445156448343 0,55.3316939190441 25.2444795363275 0,55.3317038452618 25.2444344005264 0,55.3316939198919 25.2444163460521 0,55.331674069161 25.2443802371015 0,55.3316442928371 25.2443441280348 0,55.3316343575578 25.2443260735562 0,55.3316244421325 25.2443080281043 0,55.3316046012377 25.2442809372991 0,55.3315748147731 25.2442628825827 0,55.3315450382428 25.2442448278604 0,55.3315251874502 25.2442177460714 0,55.3314755597522 25.2441996910906 0,55.3314557084275 25.2442087180221 0,55.3314060794619 25.24427190766 0,55.3313862276886 25.2443080251564 0,55.331376301364 25.2443531519097 0,55.3313663747412 25.2444163420538 0,55.3313762996289 25.2444614780966 0,55.3314060756175 25.2445156415809 0,55.3314457775344 25.2445517508219 0,55.3314854798844 25.244560778506 0,55.3314656279497 25.2446059141664 0,55.3314457761399 25.244642022642 0,55.3312472646395 25.244578829698 0,55.3312373385511 25.2446059111036 0,55.3314358502305 25.2446600768787 0,55.3313961459913 25.2447684025458 0,55.3311976341536 25.244714236718 0,55.3311877080432 25.2447413181197 0,55.3313862199205 25.2447954839606 0,55.3313465155933 25.2449038096123 0,55.3311480035576 25.2448496437188 0,55.3311480032345 25.2448677071094 0,55.3313365896481 25.2449218638417 0,55.3312968947101 25.2450572710227 0,55.3311777773099 25.2450301877881 0,55.3309097860882 25.2449489390005 0,55.3308998595353 25.2449940747451 0,55.3311380740192 25.2450662959292 0,55.3312770326994 25.2451024066546 0,55.3312671067277 25.2451204608789 0,55.3312571799861 25.245183651009 0,55.3312373287952 25.2451746145202 0,55.3311876982146 25.2453010033719 0,55.3311281444455 25.2452829481326 0,55.3307509710469 25.2451655886641 0,55.3307410448009 25.2451926700341 0,55.3311281439567 25.245310029676 0,55.3311876978975 25.2453190577342 0,55.33112814135 25.2454544555456 0,55.3310983639347 25.2454725184871 0,55.3310685870127 25.2454634908526 0,55.3310388089085 25.2455176534785 0,55.3310090319799 25.2455086258321 0,55.3309991055907 25.245544734399 0,55.3309792534904 25.2455808428073 0,55.3309494756702 25.2456169510529 0,55.33089984659 25.2456440317858 0,55.3309296231883 25.2456711138155 0,55.330959399449 25.2457162502004 0,55.3309693244665 25.245752359082 0,55.3309991017965 25.245743332375 0,55.3310189421106 25.2458065229512 0,55.3310884306084 25.2458877686479 0,55.3310983556781 25.2459238775201 0,55.3310785030455 25.245987076508 0,55.3310487256622 25.2459960942035 0,55.3310090208173 25.2460953925667 0,55.3308700558088 25.2463210698155 0,55.3309924794102 25.2463622267195 0,55.3309378151795 25.2465163739645 0,55.3308326621099 25.2464842896252 0,55.3306042120742 25.2464088544669 0,55.3305725269911 25.2464981236585 0,55.3305226502831 25.2464835528498 0,55.3305325768894 25.2464474443195 0,55.3305027999808 25.2464293893924 0,55.3304630943393 25.2465377147825 0,55.3304928714781 25.246546751565 0,55.3305127240877 25.24650160702 0,55.3305649234732 25.2465144807657 0,55.3304834094662 25.246664213043 0,55.3304115747253 25.246738442136 0,55.3303527877673 25.2469997416914 0,55.3302248647533 25.2469619873917 0,55.3302546435705 25.2469078249405 0,55.3302943463735 25.246925880121 0,55.3302943468226 25.2469078257627 0,55.3302149410097 25.24688074257 0,55.3301752351995 25.2469800406971 0,55.3302050121939 25.2469980956889 0,55.3302546412957 25.2469980967317 0,55.3302645673428 25.2469890697592 0,55.3303397448025 25.2470175610791 0,55.3302646432742 25.247127420306 0,55.3302026034833 25.2472580693633 0,55.330137309123 25.2473412082807 0,55.3300328244301 25.2475342160871 0,55.3299185429793 25.247712364853 0,55.3298173334247 25.2478964627482 0,55.3297161243563 25.2480538401233 0,55.3294842749564 25.2483715548054 0,55.3294026606958 25.24847250358 0,55.3292753254094 25.2486328408572 0,55.3290859514674 25.2488228756618 0,55.3289651385748 25.2489327419066 0,55.3287920940415 25.2490663479284 0,55.3284917047191 25.2492949787104 0,55.3283317202136 25.2494671938458 0,55.3282664138424 25.2495414311151 0,55.3281129513746 25.2496839468231 0,55.3277626011032 25.2499194530361 0,55.3274683856209 25.2500679928439 0,55.3269154685782 25.2494108365978 0,55.326196373255 25.2494975728161 0,55.3257715495566 25.2498154075629 0,55.3256465476766 25.2497075985784 0,55.3250672147753 25.2501409980923 0,55.3258819520954 25.2508721703813 0,55.3258146509265 25.2509042224663 0,55.3256520247828 25.2510032873344 0,55.325511285693 25.2511000331991 0,55.3253127817654 25.2512619790794 0,55.3251905910209 25.2514053509931 0,55.3249440230399 25.2514302341375 0,55.3245866773136 25.2514753492741 0,55.3243186563534 25.2516649037993 0,55.3236734176932 25.2521162216554 0,55.3234351741273 25.2522877221598 0,55.3231572233322 25.2524772738896 0,55.3226708063802 25.2528202721105 0,55.3224028002686 25.2526667905941 0,55.322263833264 25.252766079135 0,55.3220057330089 25.2529466029995 0,55.3228394633956 25.2538674360532 0,55.3236632791855 25.2547972908089 0,55.3239411808137 25.2551764498532 0,55.3248047091845 25.2564041971348 0,55.3254697258332 25.2574062495737 0,55.3261347533946 25.2584082988841 0,55.3263829076974 25.2586610713918 0,55.3265913568697 25.2588957873373 0,55.3270678009684 25.2597082530835 0,55.3275343244875 25.2605207168145 0,55.3280008542145 25.2613331789832 0,55.3285269595432 25.2622178497973 0,55.3290530526409 25.2631025366856 0,55.3295791632902 25.2639872125672 0,55.3296089432416 25.2640413762711 0,55.3307108643922 25.263517824761 0,55.3318127959462 25.2629942649887 0,55.3328353030823 25.2620644744894 0))
A40: 41 | B40: 924 | C40: Sector 9 | D40: AL YALAYIS 4 | E40: 8 | F40: 13.235537 | G40: =E40/F40 -> 0.60443335 | H40: =VLOOKUP(A40,ref!$A$2:$C$220,2,0) -> POLYGON Z ((55.3394895065174 24.9662358288061 0,55.3406285349317 24.963283434436 0,55.3412629767587 24.9608073592988 0,55.341996896355 24.9580816907523 0,55.3423640884798 24.9557258441746 0,55.3425514167545 24.9539406919039 0,55.3433142897122 24.949859753168 0,55.3352316238473 24.9500719608091 0,55.32254642273 24.9514593950663 0,55.3141849380412 24.952418353783 0,55.2996128121682 24.9556014225012 0,55.2921208250844 24.9571314198735 0,55.2925058118852 24.9594452905986 0,55.2925090140089 24.9594644839999 0,55.2931080711816 24.961332017925 0,55.2945347715856 24.9636822518978 0,55.2987370992171 24.9670818872087 0,55.3030927055574 24.9710536608422 0,55.3057174134001 24.9738237845916 0,55.3081452804664 24.9763860147114 0,55.3123750203315 24.9817499921769 0,55.3159205859522 24.9850531238579 0,55.3208418340271 24.9890199025645 0,55.3210476198234 24.9892251146105 0,55.3229970113973 24.9878727456245 0,55.3264027893777 24.9848096338236 0,55.3284351312835 24.9829802737799 0,55.3312930650699 24.9797359011387 0,55.3335527865324 24.9768673436182 0,55.3351891073173 24.974653118903 0,55.3361722118181 24.9728573598022 0,55.3382654051294 24.9689949460249 0,55.3394895065174 24.9662358288061 0))
A41: 42 | B41: 674 | C41: Sector 6 | D41: AL HEBIAH FIRST | E41: 17628 | F41: 4.176691 | G41: =E41/F41 -> 4220.566 | H41: =VLOOKUP(A41,ref!$A$2:$C$220,2,0) -> POLYGON Z ((55.2518174143212 25.0458756572708 0,55.2513731655678 25.0456865592631 0,55.250535465984 25.0449724592601 0,55.2496478608385 25.044348113101 0,55.2486554989345 25.0437868758256 0,55.245529070834 25.04197056752 0,55.2400258395996 25.038948723098 0,55.2352422084582 25.0363208641627 0,55.2320351367678 25.0344778305699 0,55.2305770099178 25.0368339720281 0,55.228860311053 25.0397396054923 0,55.2266467799078 25.0441434131013 0,55.2254750449904 25.0469139832677 0,55.2242832617993 25.049883122273 0,55.2234887022598 25.0518685755102 0,55.2236274025243 25.0519138150443 0,55.2246775399771 25.0522847105742 0,55.2257277153004 25.0526194890828 0,55.227342672261 25.0530720205236 0,55.2284226458563 25.0533436094025 0,55.2289676048191 25.0534613495814 0,55.2295125648305 25.0535790877623 0,55.2306124132364 25.0537965101843 0,55.2317122953259 25.053977814868 0,55.2328221129861 25.0541320359188 0,55.2333770338514 25.0541956022362 0,55.2343778720174 25.0543136286667 0,55.2353787192997 25.0544226209567 0,55.2373804122261 25.0546496036889 0,55.238381258002 25.054767612186 0,55.2393821057248 25.0548856049153 0,55.2413838137244 25.0551125427509 0,55.2433855291867 25.0553394536233 0,55.245387252109 25.0555663375314 0,55.2473889824884 25.0557931944745 0,55.2483898535849 25.0559020991329 0,55.2493907203223 25.0560200244517 0,55.2494507970129 25.0551173177798 0,55.2495009625753 25.0542146053785 0,55.2495610375371 25.0533118984382 0,55.2496112175579 25.0524001583753 0,55.2496712808764 25.05149745116 0,55.2499892129773 25.0502969841036 0,55.2503765683145 25.0490062808029 0,55.2508629944389 25.0477427135303 0,55.2513095679316 25.0467860546196 0,55.2518174143212 25.0458756572708 0))
A42: 43 | B42: 271 | C42: Sector 2 | D42: WADI ALAMARDI | E42: 3940 | F42: 24.184197 | G42: =E42/F42 -> 162.9163 | H42: =VLOOKUP(A42,ref!$A$2:$C$220,2,0) -> POLYGON Z ((55.4925990898235 25.1853724235142 0,55.4860171417368 25.1864066777258 0,55.4788688393998 25.1875295741826 0,55.4733292793604 25.1883995083156 0,55.4710201153417 25.1887114289812 0,55.4645392202344 25.1898157577633 0,55.4648635658515 25.1945854133433 0,55.4645380068403 25.196675243628 0,55.4638840012148 25.1981683384639 0,55.4626297425231 25.2003584604214 0,55.4614780806407 25.2019953756238 0,55.4608843273987 25.2031460017241 0,55.4605577574879 25.2043402950392 0,55.4604353515749 25.2054163361452 0,55.4605558775856 25.2067415720704 0,55.460933109084 25.2085179379319 0,55.461562593988 25.2118322840387 0,55.4624951977782 25.2166876568635 0,55.4634046200033 25.2215008296249 0,55.464343134197 25.226435690269 0,55.4648984014609 25.2286143871827 0,55.4699887197377 25.2278424570468 0,55.4720228300756 25.2275336378281 0,55.475078942562 25.2270613246149 0,55.4774602752938 25.2266618253276 0,55.4798615711697 25.2263796213215 0,55.4820050138957 25.226233045713 0,55.483959928196 25.226122740034 0,55.4855475466976 25.2259315425856 0,55.4882860191699 25.2254773466783 0,55.4898969810754 25.2252532462031 0,55.4925921334913 25.2247686399924 0,55.4966005278681 25.2240962458744 0,55.4996167243438 25.2235963972691 0,55.502632895784 25.2230964781782 0,55.5035853955375 25.2229599763596 0,55.5043173355367 25.2212259121835 0,55.5050393313727 25.2194918556125 0,55.5057712302741 25.2177577836414 0,55.5064931852998 25.2160237193733 0,55.507590977149 25.2134316254379 0,55.5082737057902 25.2120586856995 0,55.5089275833619 25.2113357349837 0,55.5102353383259 25.2098988519595 0,55.5115430427695 25.2084619572808 0,55.5128507132231 25.2070160237308 0,55.5135343308607 25.206311070674 0,55.5142080048784 25.2055970993854 0,55.5155553293583 25.204169147526 0,55.5175861929015 25.2020362113619 0,55.5189433745463 25.2006172432193 0,55.5202905890716 25.1991892388555 0,55.521637786112 25.1977702673704 0,55.5236684377438 25.1956372470629 0,55.5243419940411 25.1949232292604 0,55.5256990186987 25.1935041986787 0,55.5266022090125 25.1927947554292 0,55.5275722635724 25.192301131743 0,55.5285241147654 25.1919445588076 0,55.530029249307 25.191562366168 0,55.5323623267092 25.1911031729902 0,55.531468321133 25.190427332027 0,55.5305644188286 25.1897605259613 0,55.5296704329471 25.1890846738915 0,55.5287764569187 25.1884088162987 0,55.5278725697875 25.1877329662282 0,55.5271176445766 25.1871381604768 0,55.526352785988 25.1865433637504 0,55.5255978655521 25.1859485500747 0,55.524833017565 25.1853447180925 0,55.5240781118803 25.1847498964797 0,55.5233132928505 25.1841550836622 0,55.5225584018602 25.1835602541146 0,55.5217935976199 25.1829654332605 0,55.521038721337 25.1823706048066 0,55.5202739318716 25.18177576689 0,55.5195190565515 25.181171894265 0,55.5187642023258 25.1805770449103 0,55.5179994350887 25.179982203995 0,55.5172445955547 25.1793873467099 0,55.5164798431043 25.1787924977623 0,55.5157250281815 25.1781976325359 0,55.5150622075312 25.1776820596463 0,55.5116308323501 25.1797810853598 0,55.5075723291377 25.1812648600275 0,55.5040413671609 25.1825556471133 0,55.4995274876231 25.1839464882273 0,55.4967096284965 25.1846474245115 0,55.4947465956317 25.1850349085629 0,55.4925990898235 25.1853724235142 0))
